"PlayerName","Team","POS","ADP","PA","mAVG","mRBI","mR","mSB","mHR","PTS","aPOS","Dollars"
"Mookie Betts","Red Sox","OF","1.9","666","$8.1","$4.2","$8.2","$6.7","$3.5","$30.6","$7.9","$39.5"
"Mike Trout","Angels","OF","1.1","595","$6.2","$4.7","$7.0","$4.0","$6.4","$28.2","$7.9","$37.1"
"Jose Ramirez","Indians","3B","3.9","657","$4.2","$5.0","$5.0","$6.0","$2.9","$23.1","$8.0","$32.2"
"J.D. Martinez","Red Sox","OF/DH","5.5","592","$6.3","$7.1","$4.0","($1.8)","$6.3","$21.8","$7.9","$30.7"
"Nolan Arenado","Rockies","3B","7.2","653","$4.6","$7.1","$5.0","($2.1)","$6.7","$21.4","$8.0","$30.4"
"Francisco Lindor","Indians","SS","15.2","652","$4.6","$3.1","$5.6","$4.5","$3.5","$21.4","$8.0","$30.3"
"Giancarlo Stanton","Yankees","OF/DH","21.5","602","$0.6","$7.9","$4.5","($2.2)","$10.1","$20.8","$7.9","$29.7"
"Trea Turner","Nationals","SS","7.3","658","$4.9","($0.8)","$4.7","$12.9","($1.7)","$19.9","$8.0","$28.9"
"Christian Yelich","Brewers","OF","7.1","641","$6.7","$2.9","$4.7","$2.6","$2.5","$19.4","$7.9","$28.2"
"Ronald Acuna Jr.","Braves","OF","8.8","652","$3.2","$1.9","$4.5","$6.2","$3.2","$19.0","$7.9","$27.8"
"J.T. Realmuto","Phillies","C","47.3","536","$0.9","$0.1","($1.2)","($1.4)","($0.3)","($1.9)","$26.7","$25.8"
"Trevor Story","Rockies","SS","17.0","607","$1.4","$4.7","$2.5","$3.8","$4.1","$16.5","$8.0","$25.4"
"Charlie Blackmon","Rockies","OF","27.5","678","$5.0","$1.3","$6.1","$1.8","$2.2","$16.3","$7.9","$25.2"
"Gary Sanchez","Yankees","C","56.0","492","($3.1)","$0.8","($0.9)","($2.4)","$2.9","($2.7)","$26.7","$25.0"
"Manny Machado","Padres","SS","18.2","637","$3.2","$4.3","$3.1","$0.1","$5.0","$15.7","$8.0","$24.7"
"Anthony Rizzo","Cubs","1B","37.2","644","$3.4","$4.0","$4.6","($0.6)","$3.8","$15.1","$7.8","$23.9"
"Bryce Harper","Phillies","OF","18.1","614","($0.7)","$4.4","$4.3","$0.6","$6.3","$14.8","$7.9","$23.7"
"Alex Bregman","Astros","3B/SS","13.8","649","$3.1","$3.6","$4.9","$0.8","$2.0","$14.5","$8.0","$23.4"
"Javier Baez","Cubs","2B/3B/SS","17.0","627","$1.1","$4.4","$1.9","$3.3","$3.6","$14.4","$8.0","$23.3"
"Jose Altuve","Astros","2B","13.9","653","$8.3","$1.7","$3.8","$3.7","($1.7)","$15.7","$6.4","$23.2"
"Freddie Freeman","Braves","1B","21.2","646","$4.5","$3.9","$3.7","($0.2)","$2.4","$14.2","$7.8","$23.0"
"Nelson Cruz","Twins","DH","97.0","600","$3.5","$5.8","$3.0","($2.9)","$6.2","$15.6","$6.2","$22.9"
"Andrew Benintendi","Red Sox","OF","29.2","655","$4.7","$0.7","$5.5","$3.9","($1.2)","$13.6","$7.9","$22.5"
"Starling Marte","Pirates","OF","36.0","624","$3.7","($0.2)","$1.4","$10.0","($1.6)","$13.4","$7.9","$22.3"
"Juan Soto","Nationals","OF","35.2","602","$5.1","$3.0","$3.2","($0.8)","$2.7","$13.3","$7.9","$22.2"
"Paul Goldschmidt","Cardinals","1B","18.8","648","$2.6","$3.2","$3.8","$0.9","$2.5","$13.0","$7.8","$21.8"
"Buster Posey","Giants","C","144.3","531","$3.9","($2.4)","($2.3)","($1.8)","($3.8)","($6.3)","$26.7","$21.4"
"Kris Bryant","Cubs","3B/OF","32.2","629","$2.1","$2.9","$4.2","($0.8)","$3.1","$11.5","$8.0","$20.5"
"Aaron Judge","Yankees","OF","15.3","619","($2.6)","$3.8","$4.6","($0.5)","$6.1","$11.5","$7.9","$20.3"
"Yasiel Puig","Reds","OF","71.6","575","$2.2","$2.8","$1.2","$2.4","$2.7","$11.3","$7.9","$20.2"
"Rhys Hoskins","Phillies","OF","40.1","644","($3.1)","$5.3","$3.6","($1.3)","$6.5","$11.1","$7.9","$20.0"
"Cody Bellinger","Dodgers","1B/OF","44.7","627","($1.5)","$4.4","$2.4","$0.8","$4.5","$10.7","$7.9","$19.5"
"Daniel Murphy","Rockies","2B","66.6","601","$8.6","$2.3","$2.5","($2.1)","$0.5","$11.8","$6.4","$19.2"
"Adalberto Mondesi","Royals","SS","39.8","587","($2.3)","($0.5)","$0.2","$12.8","($0.1)","$10.1","$8.0","$19.1"
"Yasmani Grandal","Brewers","C","123.1","495","($4.2)","($1.0)","($2.1)","($2.5)","$0.8","($8.9)","$26.7","$18.8"
"Marcell Ozuna","Cardinals","OF","79.0","601","$4.8","$3.8","$1.0","($2.5)","$2.6","$9.8","$7.9","$18.6"
"Jose Abreu","White Sox","1B","86.8","622","$3.4","$4.0","$1.6","($2.5)","$3.1","$9.5","$7.8","$18.3"
"Yadier Molina","Cardinals","C","145.7","497","$0.4","($2.5)","($3.6)","($1.3)","($3.0)","($10.0)","$26.7","$17.7"
"Vladimir Guerrero Jr.","Blue Jays","3B","41.9","545","$7.6","$1.3","$0.6","($1.4)","$0.6","$8.6","$8.0","$17.7"
"Xander Bogaerts","Red Sox","SS","48.2","617","$4.5","$2.3","$2.3","$0.4","($0.8)","$8.7","$8.0","$17.6"
"Eddie Rosario","Twins","OF","87.7","615","$2.7","$2.8","$1.5","$0.0","$1.5","$8.5","$7.9","$17.3"
"Khris Davis","Athletics","DH","43.9","637","($5.1)","$6.3","$3.0","($2.8)","$7.8","$9.3","$6.2","$16.5"
"Anthony Rendon","Nationals","3B","43.4","596","$4.4","$1.8","$1.8","($1.6)","$0.2","$6.8","$8.0","$15.8"
"Nicholas Castellanos","Tigers","OF","96.3","640","$2.5","$3.4","$1.7","($2.1)","$1.3","$6.8","$7.9","$15.6"
"Willson Contreras","Cubs","C","135.9","468","($1.1)","($2.8)","($3.7)","($1.7)","($2.9)","($12.3)","$26.7","$15.4"
"David Peralta","Diamondbacks","OF","139.9","641","$3.6","$1.1","$2.3","($1.3)","$0.7","$6.3","$7.9","$15.2"
"Andrew McCutchen","Phillies","OF","140.2","598","($0.2)","$1.3","$2.1","$1.0","$2.2","$6.3","$7.9","$15.1"
"Jean Segura","Phillies","SS","60.7","643","$4.2","($1.7)","$1.9","$4.7","($3.0)","$6.0","$8.0","$15.0"
"Corey Seager","Dodgers","SS","84.5","612","$3.9","$0.2","$3.2","($1.8)","$0.6","$6.0","$8.0","$15.0"
"Eloy Jimenez","White Sox","OF","120.8","548","$5.4","$1.9","($0.4)","($2.5)","$1.5","$6.0","$7.9","$14.9"
"George Springer","Astros","OF","64.2","623","($0.2)","$0.2","$4.1","($0.2)","$2.0","$5.9","$7.9","$14.8"
"Lorenzo Cain","Brewers","OF","61.4","620","$4.1","($2.7)","$2.5","$5.0","($2.9)","$5.9","$7.9","$14.7"
"Joey Votto","Reds","1B","65.0","644","$2.7","$1.5","$3.6","($2.3)","$0.3","$5.8","$7.8","$14.6"
"Whit Merrifield","Royals","2B/OF","30.5","663","$2.4","($2.4)","$2.1","$8.8","($4.0)","$7.0","$6.4","$14.4"
"Justin Turner","Dodgers","3B","109.2","593","$4.2","$1.6","$1.3","($1.9)","($0.1)","$5.1","$8.0","$14.1"
"Joey Gallo","Rangers","1B/OF","101.0","573","($7.0)","$3.9","$1.8","($1.0)","$7.4","$5.1","$7.9","$13.9"
"Mike Moustakas","Brewers","3B","143.7","575","($0.7)","$3.2","$0.5","($2.3)","$4.1","$4.8","$8.0","$13.8"
"Eugenio Suarez","Reds","3B","54.8","625","($1.4)","$3.3","$1.8","($1.9)","$3.1","$4.8","$8.0","$13.8"
"Matt Olson","Athletics","1B","112.3","627","($4.0)","$4.1","$2.3","($2.4)","$5.0","$4.9","$7.8","$13.7"
"Nomar Mazara","Rangers","OF","158.5","615","$1.4","$2.9","$1.1","($2.5)","$1.9","$4.7","$7.9","$13.6"
"Rougned Odor","Rangers","2B","131.2","622","($3.2)","$2.3","$1.0","$2.8","$2.8","$5.8","$6.4","$13.3"
"David Dahl","Rockies","OF","71.1","569","$1.2","$1.4","$0.1","$1.0","$0.5","$4.2","$7.9","$13.1"
"Wilson Ramos","Mets","C","132.0","400","($0.4)","($3.6)","($5.4)","($3.1)","($2.2)","($14.8)","$26.7","$12.9"
"Ozzie Albies","Braves","2B","59.4","618","$1.9","$0.4","$1.0","$2.7","($0.9)","$5.1","$6.4","$12.5"
"Miguel Andujar","Yankees","3B","82.5","556","$2.9","$1.8","($0.2)","($2.0)","$1.1","$3.5","$8.0","$12.5"
"Matt Chapman","Athletics","3B","113.7","632","($3.2)","$2.8","$2.4","($1.8)","$3.0","$3.2","$8.0","$12.2"
"Tommy Pham","Rays","OF","56.8","610","($1.7)","$0.1","$1.3","$3.2","($0.1)","$2.8","$7.9","$11.6"
"Jorge Polanco","Twins","SS","226.3","638","$1.7","($1.3)","$2.2","$2.8","($2.9)","$2.5","$8.0","$11.5"
"Michael Brantley","Astros","OF","119.5","576","$3.4","$0.3","$0.2","$0.4","($1.9)","$2.5","$7.9","$11.4"
"Miguel Cabrera","Tigers","1B","162.5","559","$3.4","$1.0","$0.2","($2.8)","$0.4","$2.2","$7.8","$11.0"
"Carlos Correa","Astros","SS","49.5","573","$0.1","$1.8","$1.1","($1.7)","$0.9","$2.1","$8.0","$11.0"
"Jose Peraza","Reds","SS","96.2","611","$3.5","($2.1)","($0.4)","$5.2","($4.4)","$2.0","$8.0","$10.9"
"Jonathan Villar","Orioles","2B","79.0","622","($2.9)","($2.7)","$1.0","$9.9","($2.0)","$3.4","$6.4","$10.8"
"Mallex Smith","Mariners","OF","103.0","630","($0.4)","($4.6)","$1.0","$12.4","($6.5)","$1.9","$7.9","$10.8"
"Eric Hosmer","Padres","1B","176.8","650","$0.2","$1.4","$0.9","($0.9)","$0.3","$2.0","$7.8","$10.8"
"Shohei Ohtani","Angels","DH","188.6","474","$1.4","$0.7","($0.8)","$0.4","$1.8","$3.5","$6.2","$10.7"
"Mitch Haniger","Mariners","OF","95.7","635","($1.0)","$1.2","$1.6","($0.7)","$0.7","$1.8","$7.9","$10.7"
"Victor Robles","Nationals","OF","95.8","565","$1.8","($2.5)","($0.8)","$7.1","($3.8)","$1.8","$7.9","$10.7"
"Justin Upton","Angels","OF","100.7","594","($4.2)","$2.4","$0.9","($0.4)","$2.9","$1.6","$7.9","$10.5"
"Carlos Santana","Indians","1B","201.5","628","($2.5)","$2.3","$2.5","($2.2)","$1.6","$1.7","$7.8","$10.5"
"Danny Jansen","Blue Jays","C","183.1","394","($1.0)","($5.2)","($5.0)","($2.2)","($3.9)","($17.3)","$26.7","$10.4"
"Randal Grichuk","Blue Jays","OF","246.3","566","($4.1)","$2.6","$0.3","($1.5)","$4.1","$1.5","$7.9","$10.3"
"Rafael Devers","Red Sox","3B","146.7","532","$1.2","$1.1","($0.6)","($1.0)","$0.6","$1.2","$8.0","$10.2"
"Ryan Braun","Brewers","OF","200.1","507","$0.1","$0.2","($1.1)","$1.2","$0.8","$1.2","$7.9","$10.1"
"Robinson Cano","Mets","2B","126.3","615","$2.7","$1.5","$0.5","($2.9)","$0.5","$2.4","$6.4","$9.9"
"Josh Donaldson","Braves","3B","101.7","556","($1.2)","$0.5","$1.3","($1.9)","$2.1","$0.8","$8.0","$9.8"
"Josh Bell","Pirates","1B","265.4","621","$1.3","$1.0","$0.6","($1.4)","($0.7)","$0.7","$7.8","$9.5"
"Matt Carpenter","Cardinals","1B/3B","74.2","628","($2.4)","($0.5)","$3.8","($1.8)","$1.3","$0.4","$7.8","$9.2"
"Wil Myers","Padres","3B/OF","106.1","589","($4.5)","$0.0","$0.3","$3.3","$1.0","$0.2","$7.9","$9.1"
"Shin-Soo Choo","Rangers","OF/DH","287.9","652","($2.0)","($0.3)","$2.9","($0.6)","$0.0","$0.0","$7.9","$8.9"
"Travis Shaw","Brewers","2B/3B","99.3","597","($3.0)","$2.5","$0.6","($1.2)","$2.6","$1.4","$6.4","$8.9"
"Kyle Schwarber","Cubs","OF","214.2","554","($4.0)","$1.5","$0.3","($1.5)","$3.5","$0.0","$7.9","$8.8"
"C.J. Cron","Twins","1B/DH","257.1","524","($0.5)","$1.1","($0.7)","($2.2)","$1.8","($0.4)","$7.8","$8.4"
"Mike Zunino","Rays","C","242.3","424","($7.6)","($3.6)","($4.8)","($2.9)","($0.6)","($19.5)","$26.7","$8.2"
"Trey Mancini","Orioles","1B/OF","248.5","616","($0.7)","$1.7","($0.1)","($2.8)","$1.2","($0.7)","$7.9","$8.2"
"Maikel Franco","Phillies","3B","293.9","542","($0.2)","$1.4","($1.3)","($2.8)","$1.9","($1.0)","$8.0","$8.0"
"Stephen Piscotty","Athletics","OF","156.6","601","($0.6)","$0.8","$0.6","($1.8)","$0.1","($0.9)","$7.9","$8.0"
"Michael Conforto","Mets","OF","107.9","604","($3.8)","$1.6","$0.6","($1.8)","$2.4","($0.9)","$7.9","$7.9"
"Tim Anderson","White Sox","SS","135.5","622","($2.4)","($1.1)","($0.8)","$5.0","($1.8)","($1.2)","$8.0","$7.8"
"A.J. Pollock","Dodgers","OF","112.2","562","($2.3)","($1.1)","($0.1)","$2.9","($0.7)","($1.3)","$7.9","$7.5"
"Ender Inciarte","Braves","OF","137.6","611","$2.1","($2.8)","($1.1)","$5.5","($5.2)","($1.5)","$7.9","$7.4"
"Aaron Hicks","Yankees","OF","119.3","577","($3.0)","($0.5)","$1.2","$0.5","$0.0","($1.8)","$7.9","$7.1"
"Ketel Marte","Diamondbacks","2B/SS","221.9","644","$3.4","($1.8)","$1.4","$0.2","($3.4)","($0.4)","$6.4","$7.1"
"Tucker Barnhart","Reds","C","267.9","456","($2.6)","($5.0)","($5.4)","($2.3)","($5.3)","($20.6)","$26.7","$7.1"
"Jurickson Profar","Athletics","1B/3B/SS","126.2","637","($1.1)","($0.5)","$1.7","($0.2)","($1.8)","($1.9)","$8.0","$7.1"
"Ian Desmond","Rockies","1B/OF","142.5","504","$0.5","($1.2)","($2.4)","$2.6","($1.6)","($2.0)","$7.9","$6.8"
"Max Kepler","Twins","OF","237.1","594","($1.8)","$0.3","$0.4","($0.7)","($0.3)","($2.1)","$7.9","$6.8"
"Jesus Aguilar","Brewers","1B","79.8","581","($4.2)","$2.2","($0.1)","($3.1)","$3.0","($2.1)","$7.8","$6.7"
"Marcus Semien","Athletics","SS","231.3","625","($2.8)","($0.5)","$0.5","$1.5","($1.2)","($2.5)","$8.0","$6.4"
"Wilmer Flores","Diamondbacks","1B","403.1","533","$2.4","$0.1","($1.8)","($2.7)","($0.4)","($2.5)","$7.8","$6.4"
"Gleyber Torres","Yankees","2B/SS","66.2","562","($1.3)","$0.1","($0.4)","$0.0","$0.3","($1.3)","$6.4","$6.2"
"Jake Bauers","Indians","1B/OF","237.1","578","($3.5)","($0.3)","($0.3)","$2.6","($1.3)","($2.8)","$7.9","$6.0"
"Franmil Reyes","Padres","OF","231.5","553","($2.3)","$0.9","($1.0)","($2.7)","$2.3","($2.8)","$7.9","$6.0"
"Mark Trumbo","Orioles","DH","523.7","574","($3.3)","$1.9","($0.7)","($3.0)","$3.2","($1.8)","$6.2","$5.5"
"Justin Smoak","Blue Jays","1B","230.3","586","($4.7)","$1.5","$0.5","($2.9)","$2.3","($3.5)","$7.8","$5.3"
"Jesse Winker","Reds","OF","190.9","552","$3.5","($2.1)","($0.3)","($2.2)","($2.6)","($3.6)","$7.9","$5.3"
"Edwin Encarnacion","Mariners","1B/DH","133.9","531","($4.5)","$1.3","($0.6)","($2.7)","$3.0","($3.6)","$7.8","$5.2"
"Andrelton Simmons","Angels","SS","240.5","596","$2.5","($1.7)","($0.9)","$0.7","($4.4)","($3.8)","$8.0","$5.2"
"Dee Gordon","Mariners","2B/OF","105.0","578","$2.2","($4.8)","($1.8)","$9.5","($7.5)","($2.4)","$6.4","$5.1"
"Scooter Gennett","Reds","2B","90.4","600","($0.4)","$0.7","($0.4)","($1.8)","($0.8)","($2.7)","$6.4","$4.7"
"Austin Meadows","Rays","OF","187.6","508","$0.1","($1.9)","($2.5)","$2.2","($2.1)","($4.4)","$7.9","$4.5"
"Paul DeJong","Cardinals","SS","182.2","546","($2.0)","$0.6","($1.4)","($2.5)","$0.8","($4.5)","$8.0","$4.4"
"Carlos Gonzalez","","OF","539.8","583","($2.7)","$0.7","($1.0)","($1.6)","$0.2","($4.4)","$7.9","$4.4"
"Adam Eaton","Nationals","OF","200.4","558","$3.4","($3.8)","($0.1)","$0.8","($4.8)","($4.6)","$7.9","$4.3"
"Francisco Cervelli","Pirates","C","267.9","348","($0.9)","($7.2)","($6.9)","($2.2)","($6.2)","($23.5)","$26.7","$4.2"
"Welington Castillo","White Sox","C","219.4","312","($2.4)","($6.8)","($7.5)","($2.9)","($4.0)","($23.5)","$26.7","$4.2"
"Jorge Soler","Royals","OF","365.3","581","($3.7)","$0.3","($0.5)","($1.8)","$0.8","($4.8)","$7.9","$4.1"
"Jake Lamb","Diamondbacks","3B","275.8","598","($4.5)","$0.7","($0.3)","($1.2)","$0.2","($5.1)","$8.0","$3.9"
"Kyle Seager","Mariners","3B","285.1","597","($4.5)","$1.1","($0.6)","($2.3)","$1.0","($5.4)","$8.0","$3.7"
"Jorge Alfaro","Marlins","C","244.3","405","($3.7)","($6.1)","($7.1)","($2.5)","($4.7)","($24.0)","$26.7","$3.7"
"Chris Iannetta","Rockies","C","431.1","280","($1.4)","($7.4)","($7.6)","($3.0)","($4.8)","($24.1)","$26.7","$3.6"
"Evan Longoria","Giants","3B","463.6","585","($1.9)","$0.6","($1.7)","($2.0)","($0.6)","($5.6)","$8.0","$3.5"
"Omar Narvaez","Mariners","C","282.5","381","($1.9)","($7.0)","($6.6)","($2.7)","($6.2)","($24.2)","$26.7","$3.5"
"Jonathan Schoop","Twins","2B","185.0","500","$0.3","($0.2)","($2.1)","($2.6)","$0.5","($4.1)","$6.4","$3.3"
"Miguel Sano","Twins","3B","233.9","528","($4.8)","$0.6","($0.8)","($3.0)","$2.1","($5.8)","$8.0","$3.2"
"Adam Frazier","Pirates","2B/OF","403.8","608","$1.7","($3.8)","$0.2","$0.9","($4.8)","($5.8)","$7.9","$3.1"
"Joc Pederson","Dodgers","OF","374.8","452","($2.1)","($1.3)","($2.4)","($1.2)","$1.2","($5.8)","$7.9","$3.1"
"Tyler Flowers","Braves","C","482.4","312","($1.6)","($7.2)","($7.7)","($3.0)","($5.2)","($24.7)","$26.7","$3.0"
"Brandon Belt","Giants","1B","429.5","585","($2.1)","($0.6)","($0.2)","($1.8)","($1.0)","($5.8)","$7.8","$3.0"
"Ryan McMahon","Rockies","1B","467.9","521","$1.1","($1.1)","($2.4)","($1.1)","($2.3)","($5.8)","$7.8","$3.0"
"Kole Calhoun","Angels","OF","458.5","601","($4.2)","($1.0)","$0.7","($1.1)","($0.5)","($6.1)","$7.9","$2.8"
"Francisco Mejia","Padres","C/DH","257.9","318","($1.8)","($7.4)","($7.8)","($2.8)","($5.2)","($25.0)","$26.7","$2.7"
"Amed Rosario","Mets","SS","143.7","566","($0.5)","($3.2)","($3.0)","$5.0","($4.6)","($6.3)","$8.0","$2.7"
"Eduardo Escobar","Diamondbacks","3B/SS","180.3","603","($2.4)","($0.8)","($0.3)","($1.6)","($1.3)","($6.3)","$8.0","$2.6"
"Ramon Laureano","Athletics","OF","183.8","520","($2.1)","($3.0)","($1.5)","$2.8","($2.5)","($6.3)","$7.9","$2.6"
"Ryan Zimmerman","Nationals","1B","378.3","463","($0.3)","($0.7)","($2.8)","($2.5)","$0.0","($6.3)","$7.8","$2.5"
"Brian Anderson","Marlins","3B/OF","306.9","642","($0.8)","($0.5)","($0.8)","($2.0)","($2.3)","($6.4)","$7.9","$2.5"
"Yoan Moncada","White Sox","2B","156.0","622","($5.7)","($1.7)","$0.6","$2.8","($1.1)","($5.1)","$6.4","$2.4"
"Brian Dozier","Nationals","2B","140.9","539","($3.8)","($0.6)","($1.2)","$0.5","$0.0","($5.1)","$6.4","$2.3"
"Martin Maldonado","Royals","C","571.6","372","($4.1)","($6.9)","($6.8)","($2.6)","($5.2)","($25.6)","$26.7","$2.1"
"Willians Astudillo","Twins","P/C/2B/3B/OF/DH","255.6","200","$1.9","($9.2)","($9.5)","($2.2)","($6.6)","($25.7)","$26.7","$2.0"
"Jackie Bradley Jr.","Red Sox","OF","219.3","524","($2.8)","($1.8)","($1.2)","$1.0","($2.4)","($7.0)","$7.9","$1.8"
"Odubel Herrera","Phillies","OF","257.5","521","$0.5","($1.9)","($2.6)","($0.7)","($2.4)","($7.1)","$7.9","$1.8"
"Marwin Gonzalez","Twins","1B/2B/SS/OF","238.8","516","$0.5","($2.0)","($2.2)","($1.3)","($2.3)","($7.2)","$7.9","$1.6"
"Kurt Suzuki","Nationals","C","332.7","237","$0.0","($8.2)","($8.9)","($3.1)","($5.9)","($26.1)","$26.7","$1.6"
"Grayson Greiner","Tigers","C","552.8","348","($3.2)","($7.3)","($7.3)","($2.7)","($5.8)","($26.3)","$26.7","$1.4"
"Starlin Castro","Marlins","2B","376.9","642","$0.5","($2.1)","($0.6)","($1.3)","($2.6)","($6.1)","$6.4","$1.3"
"Austin Hedges","Padres","C","329.3","288","($3.9)","($7.3)","($8.5)","($2.5)","($4.3)","($26.4)","$26.7","$1.3"
"Christian Vazquez","Red Sox","C","534.1","275","($0.8)","($8.5)","($8.3)","($1.8)","($7.2)","($26.6)","$26.7","$1.1"
"Yuli Gurriel","Astros","1B/3B","194.8","480","$3.1","($2.2)","($3.3)","($2.1)","($3.7)","($8.0)","$8.0","$1.0"
"Christin Stewart","Tigers","OF/DH","400.0","509","($3.0)","($0.8)","($1.6)","($2.9)","$0.5","($7.9)","$7.9","$1.0"
"Kendrys Morales","Blue Jays","DH","524.9","513","($2.5)","($0.4)","($1.7)","($2.4)","$0.9","($6.2)","$6.2","$1.0"
"Jason Kipnis","Indians","2B","462.4","612","($3.3)","($1.0)","$0.4","($0.4)","($2.1)","($6.4)","$6.4","$1.0"
"Yonder Alonso","White Sox","1B","323.2","586","($4.6)","$0.1","($0.9)","($2.9)","$0.5","($7.8)","$7.8","$1.0"
"Harrison Bader","Cardinals","OF","187.4","546","($3.4)","($2.0)","($2.7)","$2.1","($1.9)","($7.9)","$7.9","$1.0"
"Chris Taylor","Dodgers","SS/OF","234.6","601","($3.2)","($2.4)","($0.5)","$1.3","($3.1)","($8.0)","$8.0","$1.0"
"Jeimer Candelario","Tigers","3B","467.3","619","($5.0)","($0.9)","$0.7","($2.0)","($0.9)","($8.0)","$8.0","$1.0"
"John Hicks","Tigers","C/1B","399.1","279","($1.6)","($8.1)","($8.5)","($2.6)","($6.0)","($26.7)","$26.7","$1.0"
"Max Muncy","Dodgers","1B/3B","116.1","534","($4.7)","($0.7)","($1.0)","($2.1)","$0.5","($8.1)","$8.0","$1.0"
"Jonathan Lucroy","Angels","C","314.3","280","($1.0)","($8.3)","($8.1)","($3.0)","($6.6)","($26.9)","$26.7","$0.8"
"Peter Alonso","Mets","1B","241.0","485","($3.6)","($0.7)","($2.7)","($2.5)","$1.3","($8.2)","$7.8","$0.6"
"Corey Dickerson","Pirates","OF","203.5","446","$1.6","($2.9)","($3.4)","($1.4)","($2.2)","($8.4)","$7.9","$0.5"
"Tyler White","Astros","1B/DH","260.2","512","($2.5)","($1.1)","($1.9)","($2.2)","($0.6)","($8.4)","$7.8","$0.4"
"Billy Hamilton","Royals","OF","154.4","545","($4.2)","($6.0)","($2.5)","$11.0","($7.0)","($8.6)","$7.9","$0.2"
"Jason Castro","Twins","C","585.1","328","($4.8)","($7.6)","($7.0)","($2.6)","($5.5)","($27.5)","$26.7","$0.2"
"Luke Voit","Yankees","1B","187.9","451","($0.3)","($2.1)","($2.8)","($2.8)","($0.8)","($8.8)","$7.8","$0.0"
"Kevin Kiermaier","Rays","OF","362.1","556","($4.9)","($2.8)","($1.6)","$3.2","($2.9)","($9.0)","$7.9","($0.1)"
"Austin Barnes","Dodgers","C","351.1","282","($2.8)","($8.7)","($8.3)","($1.5)","($6.6)","($27.9)","$26.7","($0.2)"
"Nick Markakis","Braves","OF","337.9","571","$1.8","($1.8)","($2.0)","($2.7)","($4.4)","($9.1)","$7.9","($0.2)"
"Brandon Nimmo","Mets","OF","175.9","607","($4.6)","($3.6)","$0.9","$0.4","($2.4)","($9.2)","$7.9","($0.4)"
"Hunter Renfroe","Padres","OF","202.5","454","($2.8)","($1.2)","($3.5)","($2.4)","$0.6","($9.3)","$7.9","($0.4)"
"Byron Buxton","Twins","OF","154.1","470","($3.2)","($3.6)","($2.9)","$3.4","($2.9)","($9.3)","$7.9","($0.5)"
"Willy Adames","Rays","SS","241.1","604","($3.2)","($2.4)","($1.3)","$0.8","($3.3)","($9.4)","$8.0","($0.5)"
"Lourdes Gurriel Jr.","Blue Jays","2B/SS","280.5","471","$0.2","($3.8)","($2.8)","($1.1)","($2.3)","($9.7)","$8.0","($0.7)"
"Josh Phegley","Athletics","C","595.5","276","($3.4)","($8.3)","($8.2)","($2.6)","($6.0)","($28.5)","$26.7","($0.8)"
"Kevin Pillar","Blue Jays","OF","351.9","517","($1.1)","($3.1)","($3.1)","$1.3","($3.7)","($9.7)","$7.9","($0.8)"
"Cesar Hernandez","Phillies","2B","173.2","608","($1.5)","($4.4)","$0.3","$2.3","($5.0)","($8.3)","$6.4","($0.8)"
"Domingo Santana","Mariners","OF","223.6","562","($4.9)","($1.4)","($1.6)","($0.9)","($0.9)","($9.7)","$7.9","($0.8)"
"Robinson Chirinos","Astros","C","240.9","279","($5.6)","($7.7)","($7.9)","($2.8)","($4.5)","($28.6)","$26.7","($0.9)"
"Yan Gomes","Nationals","C","217.3","229","($1.8)","($8.6)","($9.4)","($3.1)","($5.6)","($28.6)","$26.7","($0.9)"
"Kevin Plawecki","Indians","C","575.8","240","($1.8)","($8.9)","($9.0)","($2.9)","($6.4)","($29.1)","$26.7","($1.4)"
"Austin Wynns","Orioles","C","594.2","275","($2.4)","($8.9)","($8.7)","($2.8)","($6.4)","($29.1)","$26.7","($1.4)"
"Ryan O'Hearn","Royals","1B","432.2","560","($5.3)","($0.6)","($1.9)","($2.6)","$0.2","($10.2)","$7.8","($1.4)"
"Cedric Mullins II","Orioles","OF","290.7","487","($1.1)","($4.8)","($2.6)","$1.7","($3.6)","($10.3)","$7.9","($1.5)"
"Asdrubal Cabrera","Rangers","2B/3B/SS","228.4","452","$1.0","($3.1)","($2.9)","($2.7)","($2.7)","($10.4)","$8.0","($1.5)"
"Renato Nunez","Orioles","3B","532.2","535","($4.5)","($1.0)","($2.6)","($2.8)","$0.2","($10.7)","$8.0","($1.6)"
"Zack Cozart","Angels","3B","533.0","572","($4.0)","($1.9)","($0.7)","($2.2)","($2.1)","($10.9)","$8.0","($1.8)"
"Brandon Crawford","Giants","SS","511.6","574","($1.7)","($1.8)","($3.0)","($1.2)","($3.2)","($11.0)","$8.0","($2.0)"
"Elvis Andrus","Rangers","SS","185.3","489","$0.3","($4.0)","($3.3)","$0.9","($5.4)","($11.4)","$8.0","($2.4)"
"Daniel Palka","White Sox","OF/DH","351.9","460","($5.1)","($1.6)","($3.4)","($2.1)","$0.9","($11.4)","$7.9","($2.5)"
"Brian McCann","Braves","C","523.2","200","($2.3)","($9.4)","($9.8)","($3.0)","($5.8)","($30.4)","$26.7","($2.6)"
"Isiah Kiner-Falefa","Rangers","C/2B/3B","290.1","197","$0.0","($10.4)","($10.1)","($1.8)","($8.0)","($30.4)","$26.7","($2.7)"
"Manuel Margot","Padres","OF","285.4","483","($0.8)","($4.6)","($4.2)","$2.4","($4.4)","($11.6)","$7.9","($2.7)"
"Mitch Garver","Twins","C","462.7","199","($1.0)","($9.8)","($9.7)","($3.1)","($6.9)","($30.5)","$26.7","($2.8)"
"Alex Gordon","Royals","OF","555.2","602","($5.3)","($2.0)","($1.9)","$0.0","($2.5)","($11.7)","$7.9","($2.9)"
"Josh Reddick","Astros","OF","521.6","437","($0.3)","($3.5)","($3.9)","($1.3)","($3.2)","($12.1)","$7.9","($3.2)"
"Travis d'Arnaud","Mets","C","586.8","185","($1.5)","($9.8)","($10.4)","($3.0)","($6.3)","($31.0)","$26.7","($3.3)"
"Alex Avila","Diamondbacks","C","598.1","264","($4.4)","($9.1)","($8.7)","($3.0)","($5.9)","($31.1)","$26.7","($3.4)"
"DJ LeMahieu","Yankees","2B","262.7","504","$0.8","($3.9)","($2.6)","($0.6)","($4.8)","($11.0)","$6.4","($3.6)"
"Chance Sisco","Orioles","C","500.0","232","($2.2)","($9.9)","($9.7)","($2.8)","($7.0)","($31.5)","$26.7","($3.8)"
"Jose Martinez","Cardinals","1B/OF","231.8","393","$3.1","($4.5)","($4.9)","($2.3)","($4.2)","($12.8)","$7.9","($3.9)"
"Ian Happ","Cubs","3B/OF","282.5","443","($4.5)","($3.3)","($3.7)","($0.2)","($1.4)","($13.1)","$8.0","($4.0)"
"Jeff Mathis","Rangers","C","600.1","276","($3.8)","($9.2)","($8.9)","($2.9)","($7.2)","($32.1)","$26.7","($4.3)"
"Max Stassi","Astros","C","574.9","192","($3.0)","($10.0)","($9.8)","($2.9)","($6.5)","($32.2)","$26.7","($4.5)"
"Garrett Hampson","Rockies","2B/SS/OF","184.4","348","$3.1","($7.5)","($5.5)","$3.1","($6.7)","($13.5)","$8.0","($4.6)"
"Kevan Smith","Angels","C","593.5","158","$0.0","($10.7)","($10.8)","($3.1)","($7.6)","($32.3)","$26.7","($4.6)"
"Russell Martin","Dodgers","C/3B","544.8","183","($2.6)","($10.2)","($10.1)","($2.9)","($6.5)","($32.4)","$26.7","($4.7)"
"Evan Gattis","","DH","582.2","420","($2.6)","($2.2)","($4.4)","($2.8)","$0.1","($11.9)","$6.2","($4.7)"
"Orlando Arcia","Brewers","SS","493.1","511","($1.9)","($4.1)","($4.2)","$1.1","($4.6)","($13.7)","$8.0","($4.7)"
"Roberto Perez","Indians","C","592.8","213","($3.5)","($9.8)","($9.6)","($2.7)","($6.8)","($32.4)","$26.7","($4.7)"
"Enrique Hernandez","Dodgers","2B/SS/OF","322.6","437","($2.5)","($3.2)","($3.9)","($2.3)","($1.9)","($13.7)","$8.0","($4.8)"
"Yolmer Sanchez","White Sox","3B","552.0","548","($3.8)","($3.7)","($2.7)","$0.9","($4.6)","($13.8)","$8.0","($4.8)"
"Jed Lowrie","Mets","2B","331.5","596","($4.1)","($2.5)","($0.4)","($3.0)","($2.3)","($12.3)","$6.4","($4.9)"
"Victor Caratini","Cubs","C/1B","588.8","152","($0.1)","($10.8)","($10.9)","($3.1)","($7.7)","($32.6)","$26.7","($4.9)"
"Jhonatan Solano","","C","999.0","248","($3.3)","($9.7)","($9.8)","($2.6)","($7.3)","($32.8)","$26.7","($5.1)"
"Tony Wolters","Rockies","C","600.9","194","($1.5)","($10.6)","($10.3)","($2.7)","($7.9)","($32.9)","$26.7","($5.2)"
"Jason Heyward","Cubs","OF","555.4","476","$0.7","($3.8)","($4.3)","($1.8)","($4.8)","($14.1)","$7.9","($5.3)"
"Elias Diaz","Pirates","C","390.7","138","$0.2","($11.1)","($11.4)","($3.0)","($7.8)","($33.1)","$26.7","($5.4)"
"Albert Pujols","Angels","1B/DH","535.0","420","($2.1)","($2.9)","($4.6)","($2.9)","($1.8)","($14.3)","$7.8","($5.5)"
"Carson Kelly","Diamondbacks","C","490.9","176","($1.3)","($10.7)","($10.7)","($3.1)","($7.5)","($33.2)","$26.7","($5.5)"
"Joey Wendle","Rays","2B/3B","214.1","539","($1.6)","($3.8)","($2.9)","$0.9","($5.6)","($13.0)","$6.4","($5.6)"
"Teoscar Hernandez","Blue Jays","OF","377.9","420","($3.9)","($3.9)","($4.3)","($0.4)","($2.0)","($14.5)","$7.9","($5.6)"
"Steven Souza Jr.","Diamondbacks","OF","309.3","415","($3.3)","($4.3)","($4.4)","($0.1)","($2.5)","($14.7)","$7.9","($5.9)"
"Austin Romine","Yankees","C","551.5","149","($1.6)","($10.9)","($10.9)","($3.0)","($7.3)","($33.8)","$26.7","($6.1)"
"Billy McKinney","Blue Jays","OF","571.0","436","($3.2)","($4.1)","($3.3)","($2.2)","($2.1)","($15.0)","$7.9","($6.1)"
"Joe Panik","Giants","2B","580.2","494","$2.0","($4.8)","($3.8)","($1.5)","($5.5)","($13.6)","$6.4","($6.1)"
"Mitch Moreland","Red Sox","1B","541.2","403","($1.7)","($3.4)","($4.1)","($2.8)","($2.8)","($14.9)","$7.8","($6.1)"
"Nick Ahmed","Diamondbacks","SS","529.0","555","($5.1)","($2.8)","($3.6)","($0.4)","($3.2)","($15.1)","$8.0","($6.2)"
"Matt Wieters","Cardinals","C","578.1","142","($1.1)","($11.0)","($11.3)","($3.1)","($7.3)","($33.9)","$26.7","($6.2)"
"Gregory Polanco","Pirates","OF","254.4","357","($0.7)","($4.9)","($5.5)","($0.6)","($3.4)","($15.1)","$7.9","($6.2)"
"Chris Davis","Orioles","1B","561.5","540","($10.6)","($1.2)","($2.3)","($2.6)","$1.7","($15.0)","$7.8","($6.2)"
"David Fletcher","Angels","2B/3B","572.6","495","$1.3","($4.6)","($3.9)","$0.0","($6.7)","($14.0)","$6.4","($6.5)"
"Scott Schebler","Reds","OF","448.0","403","($3.2)","($3.6)","($4.9)","($1.9)","($1.8)","($15.4)","$7.9","($6.6)"
"Albert Almora Jr.","Cubs","OF","569.9","462","$1.2","($4.5)","($4.8)","($2.1)","($5.2)","($15.4)","$7.9","($6.6)"
"James McCann","White Sox","C","567.1","157","($1.9)","($11.0)","($11.1)","($3.0)","($7.4)","($34.5)","$26.7","($6.8)"
"Ben Zobrist","Cubs","2B/OF","499.1","463","$0.6","($4.5)","($3.5)","($1.8)","($5.1)","($14.4)","$6.4","($6.9)"
"Sandy Leon","Red Sox","C","599.5","152","($2.0)","($11.1)","($11.0)","($3.1)","($7.8)","($34.8)","$26.7","($7.1)"
"Dansby Swanson","Braves","SS","471.0","479","($2.5)","($4.2)","($4.7)","($0.4)","($4.4)","($16.1)","$8.0","($7.1)"
"Willie Calhoun","Rangers","OF","484.5","378","$0.4","($4.8)","($5.4)","($2.6)","($3.7)","($16.0)","$7.9","($7.1)"
"Nick Senzel","Reds","3B","199.3","336","$1.3","($6.1)","($6.3)","($0.3)","($4.8)","($16.2)","$8.0","($7.2)"
"Blake Swihart","Red Sox","C/OF","560.3","118","($1.1)","($11.8)","($11.5)","($2.5)","($8.2)","($35.1)","$26.7","($7.4)"
"David Freitas","Mariners","C","999.0","139","($1.2)","($11.5)","($11.3)","($3.1)","($8.0)","($35.1)","$26.7","($7.4)"
"Michael Perez","Rays","C","597.9","136","($1.4)","($11.5)","($11.4)","($3.0)","($7.9)","($35.2)","$26.7","($7.5)"
"Chris Herrmann","Athletics","C","593.8","134","($2.0)","($11.5)","($11.2)","($2.9)","($7.6)","($35.2)","$26.7","($7.5)"
"Freddy Galvis","Blue Jays","SS","555.7","484","($3.2)","($4.6)","($4.1)","($0.2)","($4.6)","($16.7)","$8.0","($7.7)"
"Jay Bruce","Mariners","1B/OF","289.6","410","($4.1)","($3.7)","($4.8)","($2.3)","($1.8)","($16.6)","$7.9","($7.7)"
"Jeff McNeil","Mets","2B","336.2","406","$1.5","($5.9)","($5.0)","($1.1)","($5.1)","($15.6)","$6.4","($8.1)"
"Manny Pina","Brewers","C","541.1","97","($0.4)","($12.1)","($12.2)","($3.1)","($8.1)","($35.9)","$26.7","($8.2)"
"Kolten Wong","Cardinals","2B","551.5","431","($0.4)","($4.8)","($5.2)","($0.4)","($4.8)","($15.7)","$6.4","($8.2)"
"Jose Trevino","Rangers","C","601.0","115","($1.1)","($12.0)","($11.9)","($3.0)","($8.2)","($36.2)","$26.7","($8.5)"
"Lewis Brinson","Marlins","OF","440.3","492","($5.0)","($3.9)","($4.7)","($1.0)","($2.7)","($17.4)","$7.9","($8.5)"
"Luke Maile","Blue Jays","C","599.4","121","($1.8)","($11.9)","($11.7)","($2.9)","($8.1)","($36.4)","$26.7","($8.7)"
"Steve Pearce","Red Sox","1B/DH","556.4","312","$0.2","($5.4)","($6.0)","($3.0)","($3.4)","($17.5)","$7.8","($8.7)"
"Ji-Man Choi","Rays","DH","548.9","429","($3.2)","($3.7)","($4.3)","($2.3)","($2.6)","($16.1)","$6.2","($8.8)"
"Brett Gardner","Yankees","OF","416.9","399","($2.4)","($6.4)","($4.1)","$0.3","($5.0)","($17.7)","$7.9","($8.8)"
"Tyler Naquin","Indians","OF","582.4","383","($0.3)","($5.5)","($5.6)","($1.5)","($4.8)","($17.7)","$7.9","($8.9)"
"Josh Harrison","Tigers","2B","520.1","426","$0.0","($5.7)","($4.5)","($1.0)","($5.1)","($16.4)","$6.4","($9.0)"
"John Ryan Murphy","Diamondbacks","C","999.0","101","($1.3)","($12.1)","($12.2)","($3.2)","($8.0)","($36.7)","$26.7","($9.0)"
"Cam Gallagher","Royals","C","594.9","89","($0.4)","($12.5)","($12.3)","($3.1)","($8.4)","($36.8)","$26.7","($9.1)"
"Dustin Pedroia","Red Sox","2B","559.6","414","$1.1","($5.5)","($4.6)","($1.8)","($5.8)","($16.6)","$6.4","($9.2)"
"Leonys Martin","Indians","OF","392.7","373","($2.0)","($6.7)","($5.4)","$0.9","($5.0)","($18.1)","$7.9","($9.2)"
"Ronald Guzman","Rangers","1B","490.6","389","($1.6)","($5.1)","($5.3)","($2.6)","($3.5)","($18.1)","$7.8","($9.3)"
"Reese McGuire","Blue Jays","C","599.8","85","($1.0)","($12.5)","($12.3)","($2.9)","($8.3)","($37.0)","$26.7","($9.3)"
"Bobby Wilson","Tigers","C","999.0","109","($1.9)","($12.1)","($12.0)","($3.0)","($8.1)","($37.1)","$26.7","($9.4)"
"Johan Camargo","Braves","3B","420.4","391","($0.4)","($5.0)","($5.9)","($2.8)","($4.4)","($18.5)","$8.0","($9.5)"
"Rene Rivera","Giants","C","999.0","89","($1.4)","($12.3)","($12.4)","($3.1)","($7.9)","($37.2)","$26.7","($9.5)"
"Niko Goodrum","Tigers","1B/2B","323.9","439","($3.9)","($4.7)","($5.0)","$0.4","($3.8)","($17.0)","$6.4","($9.6)"
"Luis Urias","Padres","2B","426.2","580","($3.2)","($5.2)","($1.8)","($1.5)","($5.5)","($17.0)","$6.4","($9.6)"
"Tom Murphy","Rockies","C","587.0","60","($0.7)","($12.7)","($12.8)","($3.1)","($8.1)","($37.3)","$26.7","($9.6)"
"Andrew Knapp","Phillies","C","600.8","90","($1.4)","($12.4)","($12.3)","($3.1)","($8.3)","($37.5)","$26.7","($9.8)"
"Meibrys Viloria","Royals","C","999.0","72","($0.5)","($12.8)","($12.7)","($3.1)","($8.5)","($37.6)","$26.7","($9.9)"
"Jordan Luplow","Indians","OF","597.3","361","($2.3)","($5.7)","($5.5)","($1.1)","($4.1)","($18.7)","$7.9","($9.9)"
"Nick Hundley","Athletics","C","594.0","61","($0.6)","($12.7)","($12.8)","($3.2)","($8.3)","($37.6)","$26.7","($9.9)"
"Franchy Cordero","Padres","OF","458.6","340","($1.9)","($6.5)","($6.5)","$0.0","($4.1)","($18.9)","$7.9","($10.1)"
"Chad Wallach","Marlins","C","600.8","115","($2.3)","($12.2)","($12.2)","($3.1)","($8.1)","($37.8)","$26.7","($10.1)"
"Jose Briceno","Angels","C","999.0","59","($0.9)","($12.8)","($12.8)","($3.1)","($8.3)","($37.9)","$26.7","($10.2)"
"Ian Kinsler","Padres","2B","462.9","407","($2.5)","($6.7)","($4.8)","$0.7","($4.4)","($17.7)","$6.4","($10.3)"
"Scott Kingery","Phillies","SS","440.1","401","($3.0)","($5.9)","($6.0)","$0.5","($4.9)","($19.2)","$8.0","($10.3)"
"Erik Kratz","Brewers","C","999.0","48","($0.5)","($13.0)","($13.1)","($3.2)","($8.4)","($38.3)","$26.7","($10.6)"
"Delino DeShields","Rangers","OF","374.6","374","($3.0)","($8.3)","($5.5)","$4.2","($7.0)","($19.6)","$7.9","($10.7)"
"Logan Morrison","","1B/DH","598.4","365","($4.5)","($4.7)","($5.6)","($2.7)","($2.1)","($19.7)","$7.8","($10.9)"
"Colin Moran","Pirates","3B","529.9","362","$0.0","($5.9)","($6.7)","($2.6)","($4.9)","($20.1)","$8.0","($11.0)"
"Justin Bour","Angels","1B","436.7","308","($1.8)","($5.8)","($6.4)","($2.9)","($3.2)","($20.0)","$7.8","($11.2)"
"Matt Kemp","Reds","OF","309.7","281","$0.1","($6.0)","($7.4)","($3.1)","($3.7)","($20.2)","$7.9","($11.3)"
"Andrew Knizner","Cardinals","C","595.8","31","$0.0","($13.5)","($13.4)","($3.3)","($8.8)","($39.0)","$26.7","($11.3)"
"Devin Mesoraco","Mets","C","596.0","30","($0.4)","($13.4)","($13.4)","($3.3)","($8.6)","($39.1)","$26.7","($11.3)"
"Michael A. Taylor","Nationals","OF","510.9","318","($3.0)","($7.2)","($7.5)","$2.7","($5.2)","($20.2)","$7.9","($11.4)"
"Curt Casali","Reds","C","595.4","33","($0.4)","($13.4)","($13.4)","($3.3)","($8.7)","($39.1)","$26.7","($11.4)"
"Kyle Higashioka","Yankees","C","999.0","30","($0.5)","($13.4)","($13.4)","($3.3)","($8.6)","($39.2)","$26.7","($11.5)"
"Ryon Healy","Mariners","1B","497.4","333","($1.5)","($5.7)","($6.9)","($3.1)","($3.1)","($20.3)","$7.8","($11.5)"
"Jacob Stallings","Pirates","C","999.0","30","($0.1)","($13.5)","($13.5)","($3.3)","($8.9)","($39.3)","$26.7","($11.6)"
"Eric Haase","Indians","C/DH","999.0","30","($0.6)","($13.4)","($13.4)","($3.2)","($8.6)","($39.3)","$26.7","($11.6)"
"Garrett Stubbs","Astros","C","999.0","31","($0.3)","($13.5)","($13.4)","($3.2)","($8.9)","($39.4)","$26.7","($11.7)"
"Keibert Ruiz","Dodgers","C","598.3","25","($0.1)","($13.6)","($13.5)","($3.3)","($8.8)","($39.4)","$26.7","($11.7)"
"JaCoby Jones","Tigers","OF","590.6","401","($5.3)","($6.2)","($5.9)","$1.0","($4.7)","($21.1)","$7.9","($12.2)"
"Hunter Dozier","Royals","1B/3B","549.7","428","($4.6)","($5.3)","($5.7)","($1.8)","($4.3)","($21.7)","$8.0","($12.7)"
"Kyle Tucker","Astros","OF","294.1","261","($0.9)","($7.5)","($7.7)","($0.6)","($4.8)","($21.6)","$7.9","($12.7)"
"Dexter Fowler","Cardinals","OF","546.0","366","($2.9)","($6.7)","($5.8)","($1.1)","($5.2)","($21.6)","$7.9","($12.7)"
"Jedd Gyorko","Cardinals","3B","583.1","305","($1.7)","($6.5)","($7.4)","($2.6)","($4.2)","($22.4)","$8.0","($13.4)"
"Matt Adams","Nationals","1B","557.5","269","($1.0)","($6.7)","($7.9)","($3.0)","($3.9)","($22.5)","$7.8","($13.7)"
"Didi Gregorius","Yankees","SS","385.3","247","$0.1","($7.6)","($8.0)","($2.0)","($5.1)","($22.7)","$8.0","($13.7)"
"Curtis Granderson","Marlins","OF/DH","581.6","435","($5.8)","($5.8)","($5.3)","($2.1)","($3.6)","($22.6)","$7.9","($13.7)"
"Brandon Lowe","Rays","2B","530.8","303","($1.1)","($6.9)","($7.0)","($1.9)","($4.4)","($21.3)","$6.4","($13.9)"
"Tony Kemp","Astros","OF","595.3","293","$0.3","($8.4)","($7.5)","$0.2","($7.4)","($22.8)","$7.9","($13.9)"
"D.J. Stewart","Orioles","OF/DH","590.6","303","($2.3)","($7.5)","($7.4)","($0.7)","($4.8)","($22.9)","$7.9","($14.0)"
"Eric Thames","Brewers","1B/OF","499.2","258","($2.4)","($7.3)","($7.7)","($1.9)","($3.7)","($23.0)","$7.9","($14.2)"
"Devon Travis","Blue Jays","2B","592.6","304","($0.1)","($7.3)","($7.1)","($1.8)","($5.4)","($21.6)","$6.4","($14.2)"
"Greg Allen","Indians","OF","294.0","298","($1.5)","($8.8)","($7.7)","$2.4","($7.6)","($23.1)","$7.9","($14.2)"
"Mac Williamson","Giants","OF","566.8","376","($4.8)","($5.8)","($6.9)","($2.1)","($3.6)","($23.1)","$7.9","($14.3)"
"Tyler O'Neill","Cardinals","OF","386.9","230","($1.6)","($7.3)","($8.5)","($2.3)","($3.7)","($23.3)","$7.9","($14.5)"
"Adam Jones","Diamondbacks","OF","393.5","263","$0.3","($7.6)","($8.4)","($2.6)","($5.3)","($23.7)","$7.9","($14.8)"
"Neil Walker","Marlins","1B/2B/3B","551.7","362","($1.8)","($6.4)","($6.9)","($2.9)","($4.4)","($22.3)","$6.4","($14.9)"
"Keon Broxton","Mets","OF","541.4","392","($8.8)","($7.0)","($6.8)","$3.6","($4.7)","($23.7)","$7.9","($14.9)"
"Jordy Mercer","Tigers","SS","587.5","345","($1.4)","($7.1)","($6.8)","($2.7)","($5.9)","($23.9)","$8.0","($15.0)"
"Todd Frazier","Mets","3B","562.2","299","($4.5)","($6.8)","($7.6)","($1.7)","($3.5)","($24.1)","$8.0","($15.0)"
"Austin Dean","Marlins","OF","599.0","308","$0.3","($7.6)","($8.2)","($2.6)","($5.8)","($23.9)","$7.9","($15.1)"
"Yandy Diaz","Rays","1B/3B/DH","502.8","332","$0.7","($8.0)","($7.2)","($2.5)","($7.2)","($24.2)","$8.0","($15.2)"
"J.P. Crawford","Mariners","SS","561.8","388","($4.5)","($6.7)","($6.2)","($1.5)","($5.4)","($24.2)","$8.0","($15.3)"
"Denard Span","","OF","599.5","281","($0.6)","($8.7)","($7.4)","($1.2)","($6.3)","($24.2)","$7.9","($15.3)"
"Chris Owings","Royals","OF","580.9","301","($1.2)","($8.4)","($8.0)","$0.3","($6.9)","($24.2)","$7.9","($15.4)"
"Austin Slater","Giants","1B/OF","599.7","318","($0.7)","($7.9)","($8.0)","($1.1)","($6.5)","($24.3)","$7.9","($15.4)"
"Matt Duffy","Rays","3B","540.7","282","$0.6","($8.7)","($7.9)","($1.2)","($7.2)","($24.5)","$8.0","($15.4)"
"Eduardo Nunez","Red Sox","2B/3B","465.1","238","$1.7","($8.4)","($8.6)","($1.0)","($6.7)","($23.0)","$6.4","($15.6)"
"Erik Gonzalez","Pirates","2B/3B","594.7","332","($0.9)","($7.5)","($7.7)","($0.8)","($6.4)","($23.3)","$6.4","($15.9)"
"Addison Russell","Cubs","SS","568.1","306","($1.6)","($7.3)","($7.9)","($2.5)","($5.6)","($24.8)","$8.0","($15.9)"
"Alex Verdugo","Dodgers","OF","481.9","258","$0.5","($8.4)","($8.5)","($2.1)","($6.3)","($24.8)","$7.9","($16.0)"
"Fernando Tatis Jr.","Padres","SS","282.4","288","($3.0)","($8.1)","($8.1)","($0.3)","($5.5)","($25.0)","$8.0","($16.1)"
"Joey Rickard","Orioles","OF","999.0","329","($1.9)","($8.2)","($7.3)","($1.2)","($6.4)","($25.0)","$7.9","($16.1)"
"Nathaniel Lowe","Rays","1B","561.6","237","$0.1","($8.3)","($8.4)","($2.9)","($5.3)","($24.9)","$7.8","($16.1)"
"Steven Duggar","Giants","OF","533.0","378","($3.3)","($7.8)","($7.3)","$0.3","($7.0)","($25.2)","$7.9","($16.3)"
"Troy Tulowitzki","Yankees","SS","493.3","241","($1.0)","($8.1)","($8.5)","($2.8)","($5.1)","($25.6)","$8.0","($16.6)"
"Adam Engel","White Sox","OF","586.8","351","($5.4)","($7.9)","($7.3)","$1.4","($6.2)","($25.5)","$7.9","($16.6)"
"J.T. Riddle","Marlins","SS","596.3","352","($1.9)","($7.5)","($8.0)","($2.2)","($6.0)","($25.6)","$8.0","($16.6)"
"Mikie Mahtook","Tigers","OF","599.5","267","($1.8)","($8.2)","($8.3)","($1.8)","($5.7)","($25.8)","$7.9","($16.9)"
"Brock Holt","Red Sox","2B/SS","583.6","270","($0.4)","($8.7)","($8.2)","($1.3)","($7.5)","($26.1)","$8.0","($17.1)"
"Gerardo Parra","Giants","OF","581.9","303","($0.6)","($8.3)","($8.6)","($1.4)","($7.1)","($26.1)","$7.9","($17.2)"
"Raimel Tapia","Rockies","OF/DH","532.1","205","$1.4","($9.7)","($9.5)","($0.9)","($7.6)","($26.2)","$7.9","($17.4)"
"Brandon Drury","Blue Jays","1B/2B/3B/SS/DH","584.9","302","($2.0)","($7.9)","($7.9)","($2.7)","($6.0)","($26.4)","$8.0","($17.5)"
"Avisail Garcia","Rays","OF","391.2","225","($0.7)","($8.6)","($9.1)","($2.6)","($5.7)","($26.7)","$7.9","($17.8)"
"Lonnie Chisenhall","Pirates","OF","571.3","240","($0.4)","($8.7)","($9.2)","($2.4)","($6.4)","($27.1)","$7.9","($18.3)"
"Daniel Robertson","Rays","2B/SS","564.7","283","($1.9)","($8.5)","($8.0)","($2.4)","($6.4)","($27.2)","$8.0","($18.3)"
"Jose Bautista","","3B/OF","999.0","276","($4.3)","($8.3)","($7.6)","($2.2)","($5.0)","($27.3)","$8.0","($18.3)"
"Hernan Perez","Brewers","2B/3B/SS/OF","449.2","216","($0.8)","($9.3)","($9.6)","($0.8)","($6.7)","($27.3)","$8.0","($18.3)"
"Adam Duvall","Braves","OF","581.5","248","($3.2)","($7.8)","($8.8)","($2.6)","($4.8)","($27.2)","$7.9","($18.4)"
"Roman Quinn","Phillies","OF","522.7","201","($1.3)","($10.2)","($9.7)","$1.2","($7.5)","($27.7)","$7.9","($18.8)"
"Andrew Romine","","P/1B/2B/3B/SS/OF","999.0","376","($4.2)","($7.8)","($7.4)","($1.1)","($7.2)","($27.8)","$8.0","($18.8)"
"Juan Lagares","Mets","OF","599.5","265","($1.0)","($9.1)","($9.3)","($1.0)","($7.3)","($27.8)","$7.9","($18.9)"
"Brett Phillips","Royals","OF","598.3","344","($5.9)","($7.8)","($7.6)","($1.1)","($5.8)","($28.3)","$7.9","($19.4)"
"Martin Prado","Marlins","3B","599.2","267","($0.3)","($9.5)","($8.9)","($2.7)","($7.3)","($28.8)","$8.0","($19.7)"
"Greg Bird","Yankees","1B","510.5","203","($2.5)","($8.9)","($9.1)","($3.1)","($5.1)","($28.7)","$7.8","($19.8)"
"Yairo Munoz","Cardinals","2B/3B/SS/OF","518.9","198","($0.4)","($9.8)","($10.0)","($1.8)","($7.0)","($28.9)","$8.0","($20.0)"
"Dustin Fowler","Athletics","OF","571.8","166","($0.2)","($10.5)","($10.1)","($1.2)","($7.2)","($29.1)","$7.9","($20.2)"
"Franklin Barreto","Athletics","2B","548.9","230","($2.3)","($8.9)","($8.9)","($1.7)","($5.8)","($27.7)","$6.4","($20.2)"
"Yangervis Solarte","Giants","2B/3B","554.0","236","($0.6)","($8.8)","($9.2)","($2.8)","($6.3)","($27.7)","$6.4","($20.3)"
"Kevin Newman","Pirates","SS","596.6","212","$0.2","($10.3)","($10.4)","($0.6)","($8.3)","($29.3)","$8.0","($20.4)"
"Jung Ho Kang","Pirates","3B","500.5","155","$0.0","($10.0)","($10.4)","($2.7)","($6.4)","($29.4)","$8.0","($20.4)"
"Peter O'Brien","Marlins","1B/OF","570.5","290","($6.6)","($7.6)","($8.5)","($3.0)","($3.9)","($29.6)","$7.9","($20.8)"
"Brian Goodwin","Royals","OF","599.0","216","($2.2)","($9.8)","($9.5)","($1.7)","($6.5)","($29.7)","$7.9","($20.9)"
"Leury Garcia","White Sox","OF","594.9","200","($0.8)","($10.4)","($10.0)","($1.1)","($7.5)","($29.8)","$7.9","($21.0)"
"Jake Cave","Twins","OF","564.9","196","($1.0)","($9.9)","($9.8)","($2.5)","($6.8)","($30.0)","$7.9","($21.1)"
"Dan Vogelbach","Mariners","1B","594.7","174","($0.9)","($9.8)","($10.0)","($3.2)","($6.3)","($30.2)","$7.8","($21.4)"
"Chad Pinder","Athletics","2B/OF","526.4","213","($1.4)","($9.2)","($9.4)","($2.7)","($6.1)","($28.9)","$6.4","($21.5)"
"Tim Beckham","Mariners","3B/SS","547.0","216","($2.2)","($9.5)","($9.8)","($2.6)","($6.4)","($30.6)","$8.0","($21.7)"
"Nicky Delmonico","White Sox","OF","599.5","188","($1.7)","($9.9)","($9.9)","($2.8)","($6.5)","($30.8)","$7.9","($21.9)"
"Nick Martini","Athletics","OF","586.5","234","($1.4)","($10.4)","($8.8)","($2.6)","($7.9)","($31.1)","$7.9","($22.3)"
"Miguel Rojas","Marlins","1B/3B/SS","585.5","206","($0.2)","($10.5)","($10.5)","($2.5)","($7.8)","($31.3)","$8.0","($22.4)"
"David Bote","Cubs","3B","594.3","162","($1.0)","($10.3)","($10.7)","($2.5)","($6.9)","($31.5)","$8.0","($22.4)"
"David Freese","Dodgers","1B/3B","589.5","175","($1.0)","($10.1)","($10.3)","($3.2)","($6.9)","($31.5)","$8.0","($22.5)"
"Matt Holliday","","1B/OF/DH","999.0","176","($1.6)","($10.1)","($10.2)","($3.1)","($6.7)","($31.6)","$7.9","($22.8)"
"Derek Dietrich","Reds","1B/OF","568.1","165","($1.0)","($10.2)","($10.5)","($3.1)","($6.8)","($31.7)","$7.9","($22.8)"
"Mark Canha","Athletics","OF","596.4","160","($1.2)","($10.4)","($10.4)","($2.9)","($6.8)","($31.7)","$7.9","($22.9)"
"Melky Cabrera","Pirates","OF","597.6","141","$0.9","($11.0)","($11.0)","($3.0)","($7.7)","($31.9)","$7.9","($23.0)"
"Christian Walker","Diamondbacks","1B/OF/DH","595.2","152","($1.3)","($10.4)","($10.7)","($2.9)","($6.6)","($32.0)","$7.9","($23.1)"
"Victor Reyes","Tigers","OF/DH","600.6","156","($0.2)","($11.2)","($11.0)","($1.5)","($8.3)","($32.2)","$7.9","($23.3)"
"Bradley Zimmer","Indians","OF","557.2","143","($1.6)","($11.2)","($10.8)","($1.2)","($7.5)","($32.2)","$7.9","($23.3)"
"Jake Marisnick","Astros","OF","599.2","161","($2.6)","($10.6)","($10.5)","($1.6)","($6.9)","($32.2)","$7.9","($23.4)"
"Chris Young","","OF","999.0","167","($2.2)","($10.3)","($10.5)","($2.5)","($6.7)","($32.3)","$7.9","($23.4)"
"Jarrod Dyson","Diamondbacks","OF","582.4","136","($0.5)","($11.8)","($11.3)","($0.3)","($8.4)","($32.3)","$7.9","($23.4)"
"Phillip Ervin","Reds","OF","598.8","141","($1.3)","($11.1)","($11.1)","($1.4)","($7.5)","($32.4)","$7.9","($23.6)"
"Taylor Ward","Angels","3B","594.7","148","($1.1)","($11.0)","($10.7)","($2.5)","($7.3)","($32.7)","$8.0","($23.6)"
"Howie Kendrick","Nationals","2B","600.0","145","$0.8","($11.0)","($10.8)","($2.3)","($7.8)","($31.2)","$6.4","($23.7)"
"Aledmys Diaz","Astros","3B/SS","526.6","117","($0.1)","($11.2)","($11.3)","($2.8)","($7.4)","($32.7)","$8.0","($23.8)"
"Garrett Cooper","Marlins","1B/OF","999.0","169","($0.5)","($10.7)","($10.9)","($3.0)","($7.5)","($32.7)","$7.9","($23.8)"
"Wilmer Difo","Nationals","2B/3B","593.5","193","($1.0)","($10.4)","($10.5)","($1.6)","($7.8)","($31.3)","$6.4","($23.9)"
"Yoenis Cespedes","Mets","OF","530.0","107","($0.4)","($11.2)","($11.5)","($3.0)","($6.9)","($33.0)","$7.9","($24.1)"
"Noel Cuevas","Rockies","OF","999.0","121","$0.5","($11.5)","($11.5)","($2.5)","($8.0)","($33.0)","$7.9","($24.1)"
"Robbie Grossman","Athletics","OF/DH","594.6","159","($0.6)","($11.1)","($10.5)","($3.0)","($7.8)","($33.0)","$7.9","($24.2)"
"Michael Hermosillo","Angels","OF","999.0","149","($1.8)","($11.1)","($10.9)","($1.7)","($7.6)","($33.1)","$7.9","($24.2)"
"Daniel Descalso","Cubs","2B/3B","597.4","203","($2.2)","($9.9)","($9.7)","($2.9)","($7.0)","($31.8)","$6.4","($24.3)"
"Richie Martin","Orioles","SS","586.1","168","($1.5)","($11.3)","($10.9)","($1.4)","($8.2)","($33.3)","$8.0","($24.4)"
"Alcides Escobar","Orioles","3B/SS","597.5","190","($1.2)","($11.0)","($10.7)","($2.3)","($8.2)","($33.4)","$8.0","($24.4)"
"Aaron Altherr","Phillies","OF","600.6","146","($2.0)","($10.9)","($10.9)","($2.5)","($7.1)","($33.4)","$7.9","($24.5)"
"Jose Rondon","White Sox","1B/2B/3B/SS/DH","999.0","130","($1.0)","($11.3)","($11.3)","($2.5)","($7.4)","($33.5)","$8.0","($24.5)"
"Austin Jackson","","OF","999.0","181","($1.3)","($11.1)","($10.6)","($2.5)","($8.1)","($33.6)","$7.9","($24.8)"
"Tommy La Stella","Angels","3B","999.0","156","($0.7)","($11.3)","($10.8)","($2.9)","($8.2)","($33.8)","$8.0","($24.8)"
"Jose Reyes","","3B/SS","999.0","124","($0.8)","($11.6)","($11.4)","($2.0)","($7.9)","($33.8)","$8.0","($24.8)"
"Nick Williams","Phillies","OF","544.1","107","($0.5)","($11.4)","($11.6)","($3.0)","($7.3)","($33.8)","$7.9","($24.9)"
"Rio Ruiz","Orioles","3B","999.0","137","($0.9)","($11.3)","($11.3)","($3.0)","($7.6)","($34.0)","$8.0","($25.0)"
"Pablo Reyes","Pirates","2B/3B/OF","999.0","133","$0.0","($11.5)","($11.2)","($1.8)","($7.9)","($32.5)","$6.4","($25.1)"
"Dylan Moore","Mariners","1B","999.0","147","($1.9)","($11.3)","($11.2)","($1.7)","($7.8)","($34.0)","$7.8","($25.2)"
"Max Moroff","Indians","2B/SS","999.0","149","($2.1)","($11.2)","($10.7)","($2.6)","($7.5)","($34.1)","$8.0","($25.2)"
"Drew Jackson","Orioles","2B/SS","999.0","147","($1.9)","($11.5)","($11.2)","($1.6)","($7.9)","($34.1)","$8.0","($25.2)"
"Tyler Austin","Twins","1B/DH","583.3","101","($0.9)","($11.5)","($11.7)","($3.1)","($7.2)","($34.2)","$7.8","($25.4)"
"Jon Jay","White Sox","OF","590.5","161","($0.7)","($11.8)","($10.7)","($2.7)","($8.5)","($34.3)","$7.9","($25.4)"
"Jose Iglesias","Reds","SS","588.7","118","($0.1)","($11.9)","($11.8)","($2.2)","($8.5)","($34.4)","$8.0","($25.4)"
"Kyle Farmer","Reds","3B","999.0","136","($0.7)","($11.4)","($11.4)","($3.0)","($8.1)","($34.5)","$8.0","($25.5)"
"Clint Frazier","Yankees","OF/DH","548.5","96","($0.7)","($11.8)","($11.7)","($2.7)","($7.5)","($34.4)","$7.9","($25.5)"
"Ben Gamel","Brewers","OF","597.7","111","$0.1","($12.0)","($11.7)","($2.6)","($8.3)","($34.5)","$7.9","($25.7)"
"Jose Osuna","Pirates","1B/3B/OF","999.0","92","$0.1","($11.9)","($12.1)","($2.9)","($8.0)","($34.8)","$8.0","($25.8)"
"Charlie Culberson","Braves","3B/SS/OF","583.0","136","($1.3)","($11.4)","($11.5)","($2.7)","($7.9)","($34.8)","$8.0","($25.8)"
"Jorge Bonifacio","Royals","OF","600.0","131","($1.1)","($11.5)","($11.3)","($3.1)","($7.6)","($34.7)","$7.9","($25.8)"
"Cameron Maybin","Giants","OF","596.7","111","($0.6)","($12.2)","($11.9)","($1.8)","($8.4)","($34.9)","$7.9","($26.0)"
"Mike Tauchman","Rockies","OF","600.4","91","$0.1","($12.2)","($12.0)","($2.4)","($8.3)","($34.9)","$7.9","($26.1)"
"Guillermo Heredia","Rays","OF","999.0","121","($0.5)","($11.9)","($11.6)","($2.7)","($8.3)","($35.0)","$7.9","($26.1)"
"Socrates Brito","Diamondbacks","OF","999.0","108","($0.6)","($11.9)","($11.9)","($2.5)","($8.0)","($35.0)","$7.9","($26.1)"
"Andrew Toles","Dodgers","OF","600.9","106","($0.5)","($11.9)","($11.9)","($2.7)","($8.0)","($35.0)","$7.9","($26.1)"
"Pat Valaika","Rockies","1B/2B/3B/SS","999.0","101","($0.7)","($11.8)","($11.9)","($3.0)","($7.8)","($35.2)","$8.0","($26.2)"
"Steve Wilkerson","Orioles","2B/3B/SS","999.0","143","($1.4)","($11.7)","($11.4)","($2.5)","($8.1)","($35.2)","$8.0","($26.3)"
"Brandon Dixon","Tigers","1B/OF","999.0","92","($0.7)","($12.1)","($12.1)","($2.5)","($7.9)","($35.3)","$7.9","($26.4)"
"Ehire Adrianza","Twins","3B/SS","600.5","96","($0.3)","($12.2)","($12.0)","($2.7)","($8.4)","($35.7)","$8.0","($26.7)"
"Travis Jankowski","Padres","OF","559.5","100","($0.7)","($12.7)","($12.0)","($1.5)","($8.7)","($35.6)","$7.9","($26.7)"
"Ronny Rodriguez","Tigers","SS","999.0","79","($0.1)","($12.3)","($12.4)","($2.7)","($8.2)","($35.7)","$8.0","($26.8)"
"Rosell Herrera","Marlins","OF","999.0","111","($0.6)","($12.3)","($12.1)","($2.2)","($8.6)","($35.7)","$7.9","($26.8)"
"Pablo Sandoval","Giants","1B/3B","600.8","100","($0.8)","($11.9)","($12.2)","($3.2)","($7.8)","($35.9)","$8.0","($26.9)"
"Matt Davidson","Rangers","1B/DH","593.1","95","($1.4)","($11.8)","($12.0)","($3.3)","($7.5)","($35.9)","$7.8","($27.1)"
"Austin Riley","Braves","3B","575.9","75","($0.4)","($12.3)","($12.4)","($3.2)","($7.9)","($36.2)","$8.0","($27.2)"
"Zack Granite","Rangers","OF","601.0","80","$0.0","($12.7)","($12.4)","($2.2)","($8.7)","($36.1)","$7.9","($27.2)"
"Chris Shaw","Giants","OF","600.3","108","($1.4)","($11.8)","($12.0)","($3.2)","($7.6)","($36.1)","$7.9","($27.2)"
"Greg Garcia","Padres","2B","999.0","143","($1.1)","($11.8)","($11.4)","($2.6)","($8.4)","($35.2)","$6.4","($27.8)"
"Tyler Saladino","Brewers","SS","999.0","81","($0.9)","($12.6)","($12.4)","($2.6)","($8.4)","($36.9)","$8.0","($27.9)"
"Jacoby Ellsbury","Yankees","OF","999.0","70","($0.6)","($12.8)","($12.4)","($2.5)","($8.5)","($36.9)","$7.9","($28.0)"
"J.D. Davis","Mets","3B","595.0","67","($0.5)","($12.6)","($12.7)","($3.2)","($8.1)","($37.0)","$8.0","($28.0)"
"Oscar Mercado","Indians","SS","597.5","67","($0.6)","($12.9)","($12.7)","($2.2)","($8.7)","($37.0)","$8.0","($28.1)"
"Derek Fisher","Astros","OF","600.5","65","($1.0)","($12.7)","($12.5)","($2.7)","($8.1)","($37.0)","$7.9","($28.1)"
"Drew Ferguson","Giants","OF","999.0","86","($0.8)","($12.6)","($12.4)","($2.7)","($8.5)","($37.1)","$7.9","($28.2)"
"Patrick Wisdom","Rangers","1B/3B","599.1","65","($0.9)","($12.7)","($12.6)","($3.0)","($8.1)","($37.2)","$8.0","($28.2)"
"Ildemaro Vargas","Diamondbacks","2B/3B/SS","999.0","66","$0.1","($12.9)","($12.8)","($3.0)","($8.7)","($37.2)","$8.0","($28.3)"
"Kevin Kramer","Pirates","2B/3B","597.9","91","($0.4)","($12.2)","($12.2)","($2.7)","($8.2)","($35.7)","$6.4","($28.3)"
"Joe McCarthy","Rays","1B","999.0","66","($0.5)","($12.8)","($12.6)","($2.9)","($8.4)","($37.2)","$7.8","($28.4)"
"Anthony Alford","Blue Jays","OF/DH","599.0","74","($0.9)","($12.8)","($12.6)","($2.4)","($8.6)","($37.3)","$7.9","($28.4)"
"Richard Urena","Blue Jays","SS","999.0","77","($0.6)","($12.7)","($12.5)","($3.0)","($8.6)","($37.4)","$8.0","($28.5)"
"Adeiny Hechavarria","Mets","SS","999.0","79","($0.5)","($12.7)","($12.7)","($3.1)","($8.6)","($37.5)","$8.0","($28.5)"
"Kevin Cron","Diamondbacks","1B","600.3","61","($0.5)","($12.7)","($12.8)","($3.3)","($8.1)","($37.3)","$7.8","($28.5)"
"Rowdy Tellez","Blue Jays","1B/DH","571.1","51","($0.1)","($12.9)","($12.9)","($3.1)","($8.3)","($37.3)","$7.8","($28.5)"
"Austin Hays","Orioles","OF","556.2","47","($0.1)","($13.0)","($13.0)","($3.1)","($8.3)","($37.5)","$7.9","($28.6)"
"Andrew Stevenson","Nationals","OF","999.0","65","($0.4)","($12.9)","($12.8)","($2.6)","($8.7)","($37.5)","$7.9","($28.6)"
"Hanley Ramirez","Indians","1B","586.8","49","($0.3)","($12.8)","($12.9)","($3.1)","($8.3)","($37.4)","$7.8","($28.6)"
"Jace Peterson","","3B/OF","999.0","66","($0.7)","($13.0)","($12.7)","($2.6)","($8.7)","($37.7)","$8.0","($28.6)"
"Anthony Santander","Orioles","OF","999.0","52","($0.2)","($12.9)","($12.9)","($3.1)","($8.4)","($37.5)","$7.9","($28.7)"
"Preston Tucker","White Sox","OF","999.0","58","($0.7)","($12.8)","($12.8)","($3.2)","($8.2)","($37.6)","$7.9","($28.8)"
"Mitch Walding","Phillies","3B","999.0","73","($1.5)","($12.6)","($12.5)","($3.2)","($8.0)","($37.8)","$8.0","($28.8)"
"Mauricio Dubon","Brewers","2B/SS","598.6","47","($0.2)","($13.2)","($13.1)","($2.6)","($8.7)","($37.9)","$8.0","($29.0)"
"Drew Robinson","Cardinals","OF","999.0","59","($1.1)","($12.9)","($12.8)","($2.9)","($8.3)","($38.0)","$7.9","($29.1)"
"Hanser Alberto","Orioles","2B/3B/SS","999.0","46","$0.1","($13.2)","($13.1)","($3.2)","($8.8)","($38.2)","$8.0","($29.2)"
"Connor Joe","Reds","1B/3B","999.0","54","($0.6)","($13.0)","($12.9)","($3.2)","($8.5)","($38.3)","$8.0","($29.2)"
"Cory Spangenberg","Brewers","2B/3B","598.9","75","($0.5)","($12.6)","($12.5)","($2.8)","($8.3)","($36.7)","$6.4","($29.3)"
"Logan Forsythe","Rangers","2B","999.0","81","($0.4)","($12.6)","($12.2)","($3.1)","($8.4)","($36.7)","$6.4","($29.3)"
"Yonathan Daza","Rockies","OF","999.0","34","$0.4","($13.4)","($13.3)","($3.0)","($8.9)","($38.3)","$7.9","($29.4)"
"Magneuris Sierra","Marlins","OF","600.7","65","($0.6)","($13.1)","($13.1)","($2.6)","($8.9)","($38.3)","$7.9","($29.4)"
"Jonathan Davis","Blue Jays","OF/DH","999.0","48","($0.5)","($13.2)","($13.0)","($2.8)","($8.7)","($38.3)","$7.9","($29.4)"
"Alex Blandino","Reds","2B","601.0","90","($1.0)","($12.3)","($12.3)","($3.0)","($8.3)","($37.0)","$6.4","($29.5)"
"Carlos Gomez","Mets","OF","600.5","47","($0.7)","($13.2)","($13.1)","($2.9)","($8.5)","($38.4)","$7.9","($29.5)"
"Brandon Phillips","","2B/3B","999.0","71","($0.1)","($12.8)","($12.6)","($2.9)","($8.6)","($37.0)","$6.4","($29.5)"
"Carlos Tocci","Rangers","OF","999.0","52","($0.3)","($13.2)","($13.0)","($3.0)","($8.9)","($38.4)","$7.9","($29.6)"
"Ronald Torreyes","Twins","2B","999.0","71","$0.1","($12.8)","($12.6)","($3.1)","($8.8)","($37.3)","$6.4","($29.8)"
"A.J. Reed","Astros","1B","597.8","40","($0.6)","($13.2)","($13.1)","($3.3)","($8.4)","($38.6)","$7.8","($29.8)"
"Mark Zagunis","Cubs","OF","999.0","45","($0.5)","($13.3)","($13.1)","($3.1)","($8.7)","($38.7)","$7.9","($29.8)"
"Josh Fuentes","Rockies","1B","999.0","28","$0.2","($13.4)","($13.4)","($3.2)","($8.8)","($38.6)","$7.8","($29.8)"
"Tyrone Taylor","Brewers","OF","999.0","40","($0.5)","($13.3)","($13.2)","($3.1)","($8.6)","($38.7)","$7.9","($29.8)"
"LaMonte Wade","Twins","OF","999.0","33","($0.1)","($13.5)","($13.3)","($3.2)","($8.8)","($38.8)","$7.9","($29.9)"
"Joey Curletta","Mariners","1B/OF","999.0","39","($0.5)","($13.3)","($13.2)","($3.2)","($8.6)","($38.8)","$7.9","($30.0)"
"Cole Tucker","Pirates","SS","600.8","34","($0.3)","($13.5)","($13.4)","($2.8)","($8.9)","($39.0)","$8.0","($30.0)"
"Sergio Alcantara","Tigers","SS","999.0","46","($0.4)","($13.4)","($13.2)","($3.0)","($9.0)","($39.0)","$8.0","($30.1)"
"Willi Castro","Tigers","SS","999.0","33","($0.2)","($13.5)","($13.4)","($3.0)","($8.9)","($39.0)","$8.0","($30.1)"
"Breyvic Valera","Giants","2B/3B/SS/OF","999.0","32","$0.0","($13.5)","($13.5)","($3.1)","($8.9)","($39.1)","$8.0","($30.1)"
"Alen Hanson","Giants","2B/OF","578.0","53","($0.3)","($13.1)","($13.0)","($2.6)","($8.6)","($37.6)","$6.4","($30.1)"
"Michael Reed","Twins","OF","999.0","27","($0.1)","($13.5)","($13.4)","($3.1)","($8.8)","($39.0)","$7.9","($30.1)"
"Ryan Cordell","White Sox","OF","999.0","33","($0.4)","($13.4)","($13.4)","($3.1)","($8.7)","($39.0)","$7.9","($30.1)"
"Matt Thaiss","Angels","1B","598.1","33","($0.2)","($13.4)","($13.3)","($3.2)","($8.8)","($38.9)","$7.8","($30.1)"
"Bobby Bradley","Indians","1B","601.0","26","($0.3)","($13.4)","($13.4)","($3.3)","($8.6)","($39.0)","$7.8","($30.2)"
"Brad Miller","Dodgers","1B/2B","999.0","61","($0.8)","($12.7)","($12.7)","($3.2)","($8.2)","($37.6)","$6.4","($30.2)"
"Dylan Cozens","Phillies","OF","999.0","27","($0.5)","($13.4)","($13.4)","($3.1)","($8.6)","($39.1)","$7.9","($30.2)"
"Jose Pirela","Padres","2B/OF","600.1","49","($0.1)","($13.1)","($13.0)","($3.1)","($8.7)","($38.0)","$6.4","($30.5)"
"Adrian Sanchez","Nationals","2B/3B","999.0","46","($0.3)","($13.3)","($13.2)","($2.9)","($8.9)","($38.5)","$6.4","($31.1)"
"Christian Arroyo","Rays","2B/3B/DH","600.2","33","$0.0","($13.4)","($13.4)","($3.2)","($8.8)","($38.8)","$6.4","($31.4)"
"Andy Young","Diamondbacks","2B","999.0","28","($0.1)","($13.5)","($13.5)","($3.3)","($8.7)","($39.1)","$6.4","($31.6)"
"Luis Guillorme","Mets","2B/3B","999.0","40","($0.1)","($13.5)","($13.3)","($3.2)","($8.9)","($39.1)","$6.4","($31.6)"
"Ramon Urias","Cardinals","2B","999.0","27","($0.1)","($13.5)","($13.5)","($3.2)","($8.8)","($39.1)","$6.4","($31.7)"
"Dustin Peterson","Tigers","PH/PR","999.0","33","($0.2)","($13.4)","($13.3)","($3.3)","($8.8)","($39.0)","$6.2","($31.7)"
"T.J. Rivera","Mets","2B/3B","999.0","27","$0.0","($13.6)","($13.5)","($3.3)","($8.9)","($39.3)","$6.4","($31.8)"
