"PlayerName","Team","POS","ADP","IP","mW","mSV","mERA","mWHIP","mSO","PTS","aPOS","Dollars"
"Chris Sale","Red Sox","SP","13.1","184","$5.9","($2.0)","$11.1","$14.1","$7.0","$36.0","$10.3","$47.3"
"Max Scherzer","Nationals","SP","4.7","208","$5.8","($2.0)","$7.7","$11.6","$8.3","$31.3","$10.3","$42.6"
"Jacob deGrom","Mets","SP","10.6","208","$4.9","($2.0)","$10.4","$10.1","$7.1","$30.5","$10.3","$41.8"
"Justin Verlander","Astros","SP","20.9","202","$5.6","($2.0)","$4.4","$9.4","$7.0","$24.4","$10.3","$35.7"
"Corey Kluber","Indians","SP","24.4","209","$5.2","($2.0)","$3.3","$6.6","$5.1","$18.2","$10.3","$29.5"
"Gerrit Cole","Astros","SP","24.8","196","$5.0","($2.0)","$2.9","$5.3","$6.0","$17.2","$10.3","$28.5"
"Carlos Carrasco","Indians","SP","36.4","197","$4.8","($2.0)","$3.9","$5.2","$4.7","$16.7","$10.3","$28.0"
"Blake Snell","Rays","SP","29.9","189","$4.0","($2.0)","$5.9","$1.6","$5.9","$15.4","$10.3","$26.7"
"James Paxton","Yankees","SP","53.8","172","$3.8","($2.0)","$2.8","$3.9","$3.7","$12.2","$10.3","$23.5"
"Luis Severino","Yankees","SP","40.3","168","$3.5","($2.0)","$2.9","$4.1","$3.2","$11.7","$10.3","$23.0"
"Walker Buehler","Dodgers","SP","38.2","163","$2.8","($2.0)","$4.7","$2.2","$3.0","$10.8","$10.3","$22.1"
"Trevor Bauer","Indians","SP","31.4","193","$4.4","($2.0)","$1.9","$1.1","$4.9","$10.3","$10.3","$21.6"
"Aaron Nola","Phillies","SP","25.7","194","$3.9","($2.0)","$2.0","$1.8","$4.5","$10.2","$10.3","$21.5"
"Patrick Corbin","Nationals","SP","49.9","182","$3.8","($2.0)","$3.3","$0.5","$3.2","$8.8","$10.3","$20.1"
"Clayton Kershaw","Dodgers","SP","52.8","144","$1.5","($2.0)","$4.5","$4.5","$0.1","$8.5","$10.3","$19.8"
"Noah Syndergaard","Mets","SP","39.3","176","$2.3","($2.0)","$2.4","$2.6","$2.8","$8.0","$10.3","$19.3"
"Stephen Strasburg","Nationals","SP","59.2","177","$3.1","($2.0)","$0.6","$1.5","$3.3","$6.5","$10.3","$17.8"
"Edwin Diaz","Mets","RP","52.6","65","($3.9)","$6.9","$5.3","$4.3","($2.6)","$9.9","$6.6","$17.4"
"Rich Hill","Dodgers","SP","167.5","159","$2.2","($2.0)","$1.1","$2.1","$2.3","$5.6","$10.3","$16.9"
"Chris Archer","Pirates","SP","135.5","191","$3.2","($2.0)","$0.8","($0.6)","$4.1","$5.4","$10.3","$16.7"
"Robbie Ray","Diamondbacks","SP","129.4","176","$2.5","($2.0)","$0.4","($2.5)","$5.2","$3.5","$10.3","$14.8"
"German Marquez","Rockies","SP","81.8","190","$3.9","($2.0)","($2.0)","($1.2)","$4.3","$3.0","$10.3","$14.3"
"Jack Flaherty","Cardinals","SP","62.1","168","$2.5","($2.0)","$0.3","($0.7)","$2.9","$3.0","$10.3","$14.3"
"Charlie Morton","Rays","SP","115.2","152","$1.4","($2.0)","$2.1","($0.5)","$1.8","$2.9","$10.3","$14.2"
"Zack Greinke","Diamondbacks","SP","68.1","201","$3.0","($2.0)","($1.8)","($0.1)","$3.1","$2.2","$10.3","$13.5"
"Aroldis Chapman","Yankees","RP","74.1","65","($3.8)","$6.2","$4.0","$2.1","($2.6)","$5.8","$6.6","$13.4"
"Kenley Jansen","Dodgers","RP","74.0","65","($4.1)","$8.0","$1.6","$3.2","($3.9)","$4.8","$6.6","$12.3"
"Yu Darvish","Cubs","SP","144.3","139","$0.9","($2.0)","($0.4)","$0.6","$1.1","$0.3","$10.3","$11.6"
"David Price","Red Sox","SP","99.8","177","$3.4","($2.0)","($2.6)","($0.6)","$2.0","$0.2","$10.3","$11.5"
"Andrew Heaney","Angels","SP","171.9","178","$2.7","($2.0)","($2.8)","$0.2","$2.0","$0.1","$10.3","$11.4"
"Josh Hader","Brewers","RP","105.4","80","($3.3)","$1.8","$3.9","$2.5","($1.1)","$3.8","$6.6","$11.4"
"Masahiro Tanaka","Yankees","SP","135.3","153","$1.9","($2.0)","($2.0)","$1.2","$0.6","($0.4)","$10.3","$10.9"
"Felipe Vazquez","Pirates","RP","86.7","65","($4.1)","$6.4","$3.2","$1.3","($3.6)","$3.2","$6.6","$10.7"
"Joey Lucchesi","Padres","SP","205.8","169","$1.7","($2.0)","($0.4)","($2.1)","$2.0","($0.8)","$10.3","$10.5"
"Madison Bumgarner","Giants","SP","83.1","203","$2.3","($2.0)","($2.9)","($1.4)","$2.8","($1.3)","$10.3","$10.0"
"Jameson Taillon","Pirates","SP","56.3","190","$2.7","($2.0)","($2.3)","($2.3)","$2.5","($1.5)","$10.3","$9.8"
"Zack Wheeler","Mets","SP","87.4","171","$1.6","($2.0)","($1.4)","($1.8)","$2.1","($1.7)","$10.3","$9.6"
"Hyun-Jin Ryu","Dodgers","SP","182.0","126","$0.3","($2.0)","$0.4","$0.6","($1.2)","($1.9)","$10.3","$9.4"
"Mike Foltynewicz","Braves","SP","98.1","192","$3.0","($2.0)","($3.7)","($3.3)","$4.0","($2.0)","$10.3","$9.3"
"Shane Bieber","Indians","SP","146.1","139","$0.9","($2.0)","($1.3)","$1.3","($0.9)","($2.0)","$10.3","$9.3"
"Brad Hand","Indians","RP","79.1","70","($3.9)","$7.1","$1.4","$0.6","($3.4)","$1.6","$6.6","$9.2"
"Kirby Yates","Padres","RP","110.1","65","($4.3)","$5.6","$1.9","$1.9","($3.5)","$1.6","$6.6","$9.2"
"Jose Quintana","Cubs","SP","199.5","186","$3.4","($2.0)","($2.0)","($3.8)","$2.3","($2.2)","$10.3","$9.1"
"Miles Mikolas","Cardinals","SP","96.9","201","$3.3","($2.0)","($4.1)","($1.0)","$1.5","($2.3)","$10.3","$9.0"
"Luis Castillo","Reds","SP","115.0","173","$2.1","($2.0)","($3.0)","($1.7)","$2.1","($2.6)","$10.3","$8.7"
"Nick Pivetta","Phillies","SP","149.3","160","$1.9","($2.0)","($2.9)","($1.7)","$2.1","($2.7)","$10.3","$8.6"
"Roberto Osuna","Astros","RP","79.8","65","($4.1)","$6.8","$0.7","$1.6","($4.2)","$0.7","$6.6","$8.3"
"Kenta Maeda","Dodgers","SP","208.6","125","$0.0","($2.0)","($1.2)","$0.7","($0.5)","($3.0)","$10.3","$8.3"
"J.A. Happ","Yankees","SP","136.7","168","$2.7","($2.0)","($4.0)","($1.6)","$1.9","($3.2)","$10.3","$8.1"
"Mike Clevinger","Indians","SP","62.2","170","$2.5","($2.0)","($3.1)","($3.2)","$2.6","($3.3)","$10.3","$8.0"
"Nathan Eovaldi","Red Sox","SP","169.5","152","$2.3","($2.0)","($2.0)","($1.2)","($0.3)","($3.3)","$10.3","$8.0"
"Andrew Miller","Cardinals","RP","218.2","60","($4.3)","$4.1","$2.9","$1.6","($4.0)","$0.4","$6.6","$7.9"
"Chris Paddack","Padres","SP","365.2","92","($2.1)","($2.0)","$1.3","$2.0","($2.7)","($3.6)","$10.3","$7.7"
"Dellin Betances","Yankees","RP","265.6","75","($3.3)","($1.5)","$4.2","$2.5","($1.7)","$0.0","$6.6","$7.6"
"Cole Hamels","Cubs","SP","151.5","172","$2.4","($2.0)","($2.7)","($3.7)","$2.0","($4.0)","$10.3","$7.3"
"Corey Knebel","Brewers","RP","128.4","65","($4.1)","$2.8","$2.7","$1.2","($3.0)","($0.3)","$6.6","$7.3"
"David Robertson","Phillies","RP","159.6","65","($4.1)","$3.7","$2.1","$1.2","($3.3)","($0.5)","$6.6","$7.1"
"Sean Doolittle","Nationals","RP","101.4","65","($4.1)","$3.7","$1.5","$2.2","($3.8)","($0.6)","$6.6","$7.0"
"Blake Treinen","Athletics","RP","61.0","70","($3.8)","$4.0","$2.8","$0.3","($3.8)","($0.6)","$6.6","$7.0"
"Eduardo Rodriguez","Red Sox","SP","155.8","145","$1.7","($2.0)","($2.8)","($2.0)","$0.8","($4.4)","$10.3","$7.0"
"Kyle Hendricks","Cubs","SP","129.2","194","$3.3","($2.0)","($4.0)","($3.3)","$1.4","($4.5)","$10.3","$6.8"
"Rick Porcello","Red Sox","SP","173.0","184","$3.4","($2.0)","($6.3)","($1.2)","$1.5","($4.7)","$10.3","$6.6"
"Dallas Keuchel","","SP","187.8","171","$2.1","($2.0)","$0.3","($4.9)","($0.3)","($4.7)","$10.3","$6.6"
"Tyler Skaggs","Angels","SP","228.9","157","$1.8","($2.0)","($2.5)","($2.7)","$0.5","($4.9)","$10.3","$6.4"
"Raisel Iglesias","Reds","RP","109.6","65","($4.3)","$6.7","$0.2","$0.1","($4.0)","($1.4)","$6.6","$6.2"
"Jose Alvarado","Rays","RP","155.9","60","($4.4)","$6.5","$2.1","($1.5)","($4.1)","($1.4)","$6.6","$6.2"
"Ross Stripling","Dodgers","SP","218.9","90","($2.0)","($2.0)","$0.9","$1.1","($3.1)","($5.2)","$10.3","$6.1"
"Will Smith","Giants","RP","185.3","65","($4.3)","$2.7","$2.6","$1.0","($3.8)","($1.8)","$6.6","$5.7"
"Craig Kimbrel","","RP","79.2","65","($4.0)","($2.0)","$3.8","$2.9","($2.6)","($1.9)","$6.6","$5.7"
"Joshua James","Astros","SP","207.3","128","$0.4","($2.0)","($1.9)","($3.0)","$0.4","($6.1)","$10.3","$5.2"
"Brandon Morrow","Cubs","RP","276.4","55","($4.7)","$6.2","$1.0","$0.2","($5.1)","($2.4)","$6.6","$5.1"
"Jose Berrios","Twins","SP","69.8","193","$3.1","($2.0)","($6.8)","($3.9)","$3.4","($6.2)","$10.3","$5.1"
"Ken Giles","Blue Jays","RP","129.8","65","($4.3)","$5.0","$0.4","$0.5","($4.2)","($2.5)","$6.6","$5.0"
"Alex Reyes","Cardinals","SP","207.6","110","($0.9)","($2.0)","($0.6)","($1.9)","($0.9)","($6.3)","$10.3","$5.0"
"Joe Musgrove","Pirates","SP","212.7","162","$1.0","($2.0)","($3.2)","($2.4)","$0.1","($6.5)","$10.3","$4.8"
"Cody Allen","Angels","RP","150.9","65","($4.3)","$6.6","($0.4)","($0.5)","($4.2)","($2.8)","$6.6","$4.8"
"Steven Matz","Mets","SP","250.8","162","$1.1","($2.0)","($3.3)","($3.4)","$1.0","($6.5)","$10.3","$4.8"
"Sonny Gray","Reds","SP","278.3","154","$1.5","($2.0)","($1.6)","($5.0)","$0.7","($6.5)","$10.3","$4.8"
"Trevor Rosenthal","Nationals","RP","493.2","65","($4.1)","$1.6","$2.5","$0.2","($3.5)","($3.1)","$6.6","$4.4"
"Marco Gonzales","Mariners","SP","289.1","180","$1.9","($2.0)","($4.3)","($3.2)","$0.6","($7.0)","$10.3","$4.3"
"Tyler Glasnow","Rays","SP","154.1","135","$0.1","($2.0)","($1.7)","($4.8)","$1.2","($7.2)","$10.3","$4.1"
"Ryan Brasier","Red Sox","RP","345.5","65","($4.2)","$7.1","($0.9)","($0.8)","($4.7)","($3.6)","$6.6","$4.0"
"Michael Pineda","Twins","SP","353.4","138","$0.5","($2.0)","($3.5)","($1.6)","($0.9)","($7.5)","$10.3","$3.8"
"Anthony Swarzak","Mariners","RP","530.7","65","($4.5)","$7.1","($0.7)","($1.1)","($4.6)","($3.8)","$6.6","$3.8"
"Drew Steckenrider","Marlins","RP","269.3","65","($4.6)","$4.5","$0.7","($0.7)","($4.1)","($4.2)","$6.6","$3.4"
"Chad Green","Yankees","RP","522.8","70","($3.8)","($2.0)","$1.8","$2.7","($3.2)","($4.5)","$6.6","$3.0"
"Nate Jones","White Sox","RP","556.1","60","($4.7)","$5.4","($0.2)","($0.6)","($4.5)","($4.6)","$6.6","$3.0"
"Caleb Smith","Marlins","SP","521.6","132","($0.9)","($2.0)","($2.4)","($2.9)","($0.2)","($8.5)","$10.3","$2.8"
"Kevin Gausman","Braves","SP","216.0","170","$1.7","($2.0)","($4.7)","($4.1)","$0.7","($8.5)","$10.3","$2.8"
"Jon Gray","Rockies","SP","210.5","146","$1.1","($2.0)","($4.4)","($3.7)","$0.5","($8.5)","$10.3","$2.8"
"Alex Wood","Reds","SP","247.8","137","$0.4","($2.0)","($2.4)","($3.7)","($0.9)","($8.6)","$10.3","$2.7"
"Julio Urias","Dodgers","SP","277.3","90","($1.9)","($2.0)","$0.1","($2.1)","($2.9)","($8.8)","$10.3","$2.5"
"Robbie Erlin","Padres","SP","551.5","140","($0.1)","($2.0)","($2.8)","($2.3)","($1.7)","($8.9)","$10.3","$2.4"
"Carlos Martinez","Cardinals","SP","190.0","139","$0.1","($2.0)","($1.8)","($4.8)","($0.4)","($9.0)","$10.3","$2.3"
"Caleb Ferguson","Dodgers","SP","588.5","76","($3.3)","($2.0)","$0.5","($0.7)","($3.7)","($9.2)","$10.3","$2.1"
"Seranthony Dominguez","Phillies","RP","213.5","65","($4.2)","$1.3","$1.4","($0.4)","($3.6)","($5.5)","$6.6","$2.1"
"Jose Leclerc","Rangers","RP","111.8","65","($4.3)","$3.5","$0.3","($2.0)","($3.3)","($5.7)","$6.6","$1.8"
"Wade Davis","Rockies","RP","117.1","65","($4.3)","$5.7","($1.1)","($2.0)","($4.1)","($5.8)","$6.6","$1.8"
"Collin McHugh","Astros","SP","217.3","151","$1.0","($2.0)","($5.5)","($3.2)","$0.1","($9.6)","$10.3","$1.7"
"Arodys Vizcaino","Braves","RP","182.1","65","($4.4)","$5.0","($0.8)","($1.6)","($4.2)","($6.0)","$6.6","$1.6"
"Diego Castillo","Rays","RP","517.9","60","($4.4)","($1.0)","$2.3","$1.1","($4.1)","($6.1)","$6.6","$1.4"
"Mychal Givens","Orioles","RP","229.3","65","($4.6)","$5.6","($1.4)","($1.5)","($4.4)","($6.2)","$6.6","$1.4"
"Anthony DeSclafani","Reds","SP","462.8","153","$0.6","($2.0)","($6.0)","($2.9)","$0.2","($10.1)","$10.3","$1.3"
"Matt Strahm","Padres","RP","367.1","75","($3.9)","($1.6)","$1.6","$0.6","($3.2)","($6.4)","$6.6","$1.2"
"Jakob Junis","Royals","SP","379.1","184","$1.1","($2.0)","($7.9)","($2.7)","$1.3","($10.2)","$10.3","$1.1"
"Blake Parker","Twins","RP","383.7","65","($4.4)","$6.1","($2.1)","($1.4)","($4.7)","($6.5)","$6.6","$1.1"
"Archie Bradley","Diamondbacks","RP","185.2","70","($4.1)","$0.9","$0.9","($0.4)","($3.8)","($6.6)","$6.6","$1.0"
"Jake Arrieta","Phillies","SP","213.3","181","$2.2","($2.0)","($6.1)","($5.9)","$1.5","($10.3)","$10.3","$1.0"
"Ryan Pressly","Astros","RP","361.1","65","($4.1)","($1.1)","$1.6","$0.7","($3.9)","($6.6)","$6.6","$0.9"
"Matt Barnes","Red Sox","RP","241.6","65","($4.0)","($1.0)","$1.8","$0.1","($3.6)","($6.7)","$6.6","$0.9"
"Anibal Sanchez","Nationals","SP","278.0","144","$0.6","($2.0)","($5.3)","($3.7)","($0.2)","($10.6)","$10.3","$0.7"
"Keone Kela","Pirates","RP","502.9","60","($4.5)","($1.2)","$1.8","$0.6","($3.9)","($7.2)","$6.6","$0.3"
"A.J. Minter","Braves","RP","249.8","65","($4.2)","($0.6)","$1.3","$0.0","($3.8)","($7.4)","$6.6","$0.2"
"Tony Watson","Giants","RP","593.6","65","($4.5)","$0.6","$1.1","$0.1","($4.7)","($7.4)","$6.6","$0.2"
"Danny Salazar","Indians","RP","537.9","66","($3.6)","($2.0)","$1.1","$0.8","($3.7)","($7.4)","$6.6","$0.1"
"Luke Weaver","Diamondbacks","SP","307.0","124","($0.9)","($2.0)","($3.9)","($3.3)","($1.2)","($11.3)","$10.3","$0.0"
"Wilmer Font","Rays","SP/RP","600.6","58","($4.5)","($2.0)","($0.5)","$0.3","($4.8)","($11.5)","$10.3","($0.2)"
"Jeff Samardzija","Giants","SP","463.2","165","$0.2","($2.0)","($5.9)","($3.7)","($0.3)","($11.7)","$10.3","($0.4)"
"Jon Lester","Cubs","SP","200.0","192","$2.7","($2.0)","($7.7)","($6.7)","$2.0","($11.8)","$10.3","($0.4)"
"Trevor Richards","Marlins","SP","510.8","124","($1.5)","($2.0)","($3.2)","($3.6)","($1.6)","($11.9)","$10.3","($0.6)"
"Vince Velasquez","Phillies","SP","406.5","137","$0.2","($2.0)","($6.0)","($4.4)","$0.2","($11.9)","$10.3","($0.6)"
"Brent Honeywell","Rays","SP","511.0","74","($3.4)","($2.0)","($1.8)","($0.6)","($4.1)","($11.9)","$10.3","($0.6)"
"Joe Kelly","Dodgers","RP","558.4","65","($4.1)","($2.0)","$2.1","$0.0","($4.2)","($8.2)","$6.6","($0.6)"
"Andrew Suarez","Giants","SP","590.1","91","($2.6)","($2.0)","($0.8)","($2.5)","($4.0)","($12.0)","$10.3","($0.7)"
"Jimmy Nelson","Brewers","SP","250.4","112","($1.3)","($2.0)","($3.5)","($3.3)","($1.9)","($12.1)","$10.3","($0.8)"
"Zack Godley","Diamondbacks","SP","250.1","178","$1.6","($2.0)","($5.0)","($8.7)","$1.9","($12.3)","$10.3","($1.0)"
"Joakim Soria","Athletics","RP","562.7","65","($4.3)","$0.8","$0.1","($0.6)","($4.6)","($8.6)","$6.6","($1.0)"
"Derek Holland","Giants","SP","370.5","145","($0.2)","($2.0)","($3.8)","($5.8)","($0.6)","($12.4)","$10.3","($1.1)"
"Adam Wainwright","Cardinals","SP","576.3","138","($0.1)","($2.0)","($3.9)","($5.0)","($1.5)","($12.5)","$10.3","($1.2)"
"Jeurys Familia","Mets","RP","470.0","65","($4.3)","($1.5)","$1.8","($0.6)","($4.2)","($8.8)","$6.6","($1.3)"
"Brad Peacock","Astros","RP","308.5","77","($3.3)","($2.0)","($0.3)","$0.0","($3.2)","($8.9)","$6.6","($1.3)"
"Shane Greene","Tigers","RP","239.7","65","($4.6)","$5.1","($2.2)","($2.5)","($4.9)","($9.0)","$6.6","($1.4)"
"Mark Melancon","Giants","RP","405.2","65","($4.5)","$1.1","$0.8","($1.2)","($5.2)","($9.0)","$6.6","($1.4)"
"Kyle Gibson","Twins","SP","289.4","192","$3.1","($2.0)","($6.1)","($9.4)","$1.7","($12.8)","$10.3","($1.5)"
"Craig Stammen","Padres","RP","565.9","75","($4.0)","($1.1)","$0.5","($0.6)","($4.0)","($9.1)","$6.6","($1.5)"
"Trevor Cahill","Angels","SP","453.6","116","($0.7)","($2.0)","($2.9)","($5.3)","($2.0)","($12.9)","$10.3","($1.6)"
"Dinelson Lamet","Padres","SP","596.2","64","($3.9)","($2.0)","($1.1)","($1.7)","($4.2)","($12.9)","$10.3","($1.6)"
"Michael Wacha","Cardinals","SP","277.6","130","($0.3)","($2.0)","($3.9)","($5.1)","($1.6)","($13.0)","$10.3","($1.7)"
"Sergio Romo","Marlins","RP","440.9","65","($4.7)","$0.8","($0.5)","($0.2)","($4.6)","($9.3)","$6.6","($1.7)"
"Jesus Luzardo","Athletics","SP","218.0","111","($1.3)","($2.0)","($3.5)","($3.7)","($2.6)","($13.0)","$10.3","($1.7)"
"Yonny Chirinos","Rays","SP","541.2","110","($1.8)","($2.0)","($3.5)","($2.7)","($3.2)","($13.2)","$10.3","($1.9)"
"Danny Duffy","Royals","SP","528.7","185","$1.2","($2.0)","($7.6)","($6.3)","$1.5","($13.4)","$10.3","($2.1)"
"Sean Newcomb","Braves","SP","227.0","177","$2.1","($2.0)","($5.6)","($10.5)","$2.6","($13.5)","$10.3","($2.2)"
"Eric Lauer","Padres","SP","582.4","134","($0.5)","($2.0)","($4.3)","($5.7)","($1.0)","($13.6)","$10.3","($2.3)"
"Marcus Stroman","Blue Jays","SP","371.5","177","$1.7","($2.0)","($4.7)","($8.5)","($0.3)","($13.8)","$10.3","($2.5)"
"Seth Lugo","Mets","RP","521.9","60","($4.6)","($1.8)","$0.6","$0.6","($4.9)","($10.2)","$6.6","($2.7)"
"Will Harris","Astros","RP","600.8","65","($4.2)","($2.0)","$0.4","$0.0","($4.5)","($10.3)","$6.6","($2.7)"
"Michael Fulmer","Tigers","SP","351.4","175","$1.2","($2.0)","($7.3)","($6.4)","$0.6","($14.0)","$10.3","($2.7)"
"Wei-Yin Chen","Marlins","SP","593.5","157","($0.5)","($2.0)","($6.4)","($4.6)","($0.6)","($14.1)","$10.3","($2.8)"
"Jalen Beeks","Rays","SP","600.3","92","($2.5)","($2.0)","($2.7)","($3.7)","($3.3)","($14.2)","$10.3","($2.9)"
"Darren O'Day","Braves","RP","600.5","55","($4.8)","($1.1)","$0.2","($0.1)","($4.9)","($10.6)","$6.6","($3.0)"
"Mike Montgomery","Cubs","SP/RP","594.4","74","($3.9)","($2.0)","($0.8)","($2.8)","($4.9)","($14.4)","$10.3","($3.1)"
"Adam Ottavino","Yankees","RP","368.5","65","($4.2)","($1.0)","($0.6)","($1.3)","($3.6)","($10.7)","$6.6","($3.2)"
"Zach Britton","Yankees","RP","448.6","60","($4.3)","($1.5)","$2.2","($2.0)","($5.1)","($10.8)","$6.6","($3.2)"
"Yusei Kikuchi","Mariners","SP","172.2","143","($0.5)","($2.0)","($7.2)","($5.0)","$0.3","($14.6)","$10.3","($3.3)"
"Lou Trivino","Athletics","RP","561.2","70","($4.1)","($1.6)","$0.4","($1.6)","($4.1)","($10.9)","$6.6","($3.3)"
"Jordan Hicks","Cardinals","RP","195.0","60","($4.6)","$2.1","$0.0","($3.5)","($4.9)","($10.9)","$6.6","($3.3)"
"Jeremy Jeffress","Brewers","RP","335.7","65","($4.3)","($1.9)","$1.1","($1.5)","($4.4)","($11.0)","$6.6","($3.4)"
"Hector Rondon","Astros","RP","584.4","55","($4.6)","($2.0)","$0.4","$0.2","($4.9)","($11.0)","$6.6","($3.4)"
"Richard Rodriguez","Pirates","RP","592.9","60","($4.6)","($1.4)","($0.3)","($0.1)","($4.6)","($11.0)","$6.6","($3.4)"
"Taylor Rogers","Twins","RP","515.7","60","($4.5)","($1.6)","$0.3","($0.6)","($4.8)","($11.1)","$6.6","($3.5)"
"Jake Diekman","Royals","RP","999.0","55","($4.9)","$0.3","$0.3","($1.8)","($5.0)","($11.1)","$6.6","($3.6)"
"Greg Holland","Diamondbacks","RP","398.6","65","($4.6)","$4.8","($2.4)","($4.3)","($4.5)","($11.2)","$6.6","($3.6)"
"Mike Minor","Rangers","SP","382.1","175","$1.3","($2.0)","($9.8)","($5.6)","$1.2","($14.9)","$10.3","($3.6)"
"Jonathan Loaisiga","Yankees","RP","528.1","69","($3.3)","($2.0)","($1.1)","($0.5)","($4.2)","($11.2)","$6.6","($3.6)"
"Chris Stratton","Giants","SP","600.4","84","($3.5)","($2.0)","($2.0)","($3.1)","($4.3)","($15.0)","$10.3","($3.6)"
"Jason Vargas","Mets","SP","595.5","105","($2.1)","($2.0)","($4.3)","($3.4)","($3.2)","($15.0)","$10.3","($3.7)"
"Joe Jimenez","Tigers","RP","431.9","65","($4.5)","($0.5)","($1.1)","($1.1)","($4.1)","($11.3)","$6.6","($3.7)"
"Zach Eflin","Phillies","SP","335.0","145","$0.1","($2.0)","($8.2)","($4.3)","($0.7)","($15.1)","$10.3","($3.8)"
"Pedro Strop","Cubs","RP","203.7","65","($4.3)","($1.5)","$0.3","($1.5)","($4.4)","($11.4)","$6.6","($3.9)"
"Ryne Stanek","Rays","RP","583.8","40","($5.4)","($2.0)","$1.1","$0.3","($5.5)","($11.5)","$6.6","($3.9)"
"Erick Fedde","Nationals","SP","600.7","53","($4.2)","($2.0)","($1.1)","($2.1)","($5.8)","($15.2)","$10.3","($3.9)"
"Michael Soroka","Braves","SP","400.7","64","($3.8)","($2.0)","($1.9)","($2.1)","($5.4)","($15.2)","$10.3","($3.9)"
"Jesse Chavez","Rangers","RP","589.6","80","($3.8)","($0.2)","($2.1)","($1.4)","($4.0)","($11.6)","$6.6","($4.0)"
"Tyler Anderson","Rockies","SP","529.1","155","$1.1","($2.0)","($8.5)","($6.5)","$0.3","($15.7)","$10.3","($4.4)"
"John Gant","Cardinals","SP/RP","578.3","65","($4.1)","($2.0)","($1.8)","($2.8)","($5.0)","($15.7)","$10.3","($4.4)"
"Colin Poche","Rays","RP","597.7","40","($5.4)","($2.0)","$0.9","$0.1","($5.5)","($12.0)","$6.6","($4.4)"
"Taijuan Walker","Diamondbacks","SP","587.1","72","($3.7)","($2.0)","($3.0)","($2.5)","($4.5)","($15.7)","$10.3","($4.4)"
"Matt Shoemaker","Blue Jays","SP","558.1","129","($1.0)","($2.0)","($7.7)","($3.6)","($1.5)","($15.8)","$10.3","($4.4)"
"Scott Alexander","Dodgers","RP","600.9","50","($4.8)","($2.0)","$2.0","($1.4)","($5.8)","($12.0)","$6.6","($4.5)"
"Reyes Moronta","Giants","RP","596.9","50","($5.1)","($2.0)","$0.9","($1.0)","($4.9)","($12.1)","$6.6","($4.5)"
"Domingo German","Yankees","SP/RP","493.5","37","($5.3)","($2.0)","($1.4)","($0.8)","($6.3)","($15.8)","$10.3","($4.5)"
"Matt Andriese","Diamondbacks","SP","999.0","87","($3.0)","($2.0)","($3.8)","($3.1)","($3.9)","($15.8)","$10.3","($4.5)"
"Freddy Peralta","Brewers","SP","403.0","72","($3.5)","($2.0)","($3.2)","($3.8)","($3.4)","($15.9)","$10.3","($4.5)"
"Trevor May","Twins","RP","231.2","65","($4.3)","($1.6)","($1.2)","($0.7)","($4.4)","($12.2)","$6.6","($4.6)"
"Hector Neris","Phillies","RP","578.4","40","($5.4)","($2.0)","$0.2","$0.6","($5.5)","($12.2)","$6.6","($4.6)"
"Ty Buttrey","Angels","RP","496.9","60","($4.5)","($1.6)","$0.1","($1.4)","($4.8)","($12.2)","$6.6","($4.6)"
"Chris Devenski","Astros","RP","586.2","50","($4.9)","($2.0)","($0.4)","$0.3","($5.3)","($12.3)","$6.6","($4.7)"
"Pablo Lopez","Marlins","SP","579.8","46","($5.2)","($2.0)","($1.2)","($1.2)","($6.5)","($16.0)","$10.3","($4.7)"
"Brett Kennedy","Padres","SP","999.0","117","($1.6)","($2.0)","($4.9)","($5.0)","($2.6)","($16.1)","$10.3","($4.8)"
"A.J. Puk","Athletics","SP","557.2","55","($4.3)","($2.0)","($1.9)","($2.5)","($5.4)","($16.1)","$10.3","($4.8)"
"Trey Wingenter","Padres","RP","999.0","50","($5.1)","($1.6)","$0.5","($1.4)","($5.0)","($12.5)","$6.6","($4.9)"
"Jose De Leon","Rays","SP","600.5","46","($4.9)","($2.0)","($2.0)","($1.4)","($5.9)","($16.2)","$10.3","($4.9)"
"Alex Colome","White Sox","RP","206.6","60","($4.7)","($1.6)","($0.4)","($1.0)","($4.9)","($12.5)","$6.6","($4.9)"
"Walker Lockett","Mets","SP","999.0","46","($5.1)","($2.0)","($1.5)","($1.3)","($6.3)","($16.2)","$10.3","($4.9)"
"John Brebbia","Cardinals","RP","600.5","50","($5.0)","($2.0)","($0.4)","$0.3","($5.3)","($12.5)","$6.6","($4.9)"
"Erik Swanson","Mariners","SP","999.0","56","($4.6)","($2.0)","($2.7)","($1.3)","($5.6)","($16.2)","$10.3","($4.9)"
"Ryan Madson","","RP","999.0","50","($5.0)","($2.0)","$0.1","($0.1)","($5.5)","($12.6)","$6.6","($5.0)"
"Brad Boxberger","Royals","RP","293.3","60","($4.9)","$2.6","($2.3)","($3.2)","($4.9)","($12.6)","$6.6","($5.1)"
"Dereck Rodriguez","Giants","SP","365.3","140","($1.0)","($2.0)","($6.5)","($5.1)","($1.9)","($16.4)","$10.3","($5.1)"
"Kelvin Herrera","White Sox","RP","338.3","65","($4.5)","($0.6)","($1.5)","($1.3)","($4.7)","($12.7)","$6.6","($5.1)"
"Carl Edwards Jr.","Cubs","RP","556.4","60","($4.5)","($1.5)","($0.3)","($2.3)","($4.1)","($12.7)","$6.6","($5.1)"
"Brandon Woodruff","Brewers","SP","351.8","134","($0.3)","($2.0)","($6.3)","($6.8)","($1.1)","($16.5)","$10.3","($5.2)"
"Ryan Tepera","Blue Jays","RP","586.5","65","($4.5)","$0.3","($2.0)","($2.0)","($4.6)","($12.8)","$6.6","($5.2)"
"Justin Wilson","Mets","RP","999.0","40","($5.5)","($2.0)","$0.9","($0.6)","($5.7)","($12.9)","$6.6","($5.3)"
"Tommy Hunter","Phillies","RP","999.0","55","($4.8)","($1.6)","($0.5)","($0.6)","($5.4)","($12.9)","$6.6","($5.3)"
"Sam Gaviglio","Blue Jays","SP","999.0","48","($5.1)","($2.0)","($2.0)","($1.2)","($6.3)","($16.6)","$10.3","($5.3)"
"Amir Garrett","Reds","RP","597.7","65","($4.4)","($2.0)","($0.8)","($1.5)","($4.2)","($12.9)","$6.6","($5.3)"
"Nick Kingham","Pirates","SP","553.3","113","($2.0)","($2.0)","($5.7)","($4.3)","($2.7)","($16.6)","$10.3","($5.3)"
"Tanner Roark","Reds","SP","511.4","143","($0.2)","($2.0)","($7.6)","($5.8)","($1.0)","($16.6)","$10.3","($5.3)"
"Jace Fry","White Sox","RP","571.8","50","($5.0)","($2.0)","$0.5","($1.3)","($5.1)","($13.0)","$6.6","($5.4)"
"CC Sabathia","Yankees","SP","507.1","117","($0.8)","($2.0)","($6.2)","($5.3)","($2.5)","($16.8)","$10.3","($5.4)"
"Framber Valdez","Astros","SP","556.4","45","($4.6)","($2.0)","($1.0)","($3.0)","($6.2)","($16.8)","$10.3","($5.5)"
"Silvino Bracho","Diamondbacks","RP","999.0","50","($5.1)","($2.0)","($0.5)","($0.3)","($5.1)","($13.1)","$6.6","($5.5)"
"Fernando Romero","Twins","SP","593.6","62","($4.3)","($2.0)","($2.5)","($2.5)","($5.4)","($16.8)","$10.3","($5.5)"
"Andrew Chafin","Diamondbacks","RP","999.0","55","($4.8)","($2.0)","$0.7","($2.0)","($5.0)","($13.1)","$6.6","($5.6)"
"Juan Nicasio","Phillies","RP","999.0","40","($5.4)","($2.0)","$0.0","$0.1","($5.9)","($13.2)","$6.6","($5.6)"
"Chris Martin","Rangers","RP","600.5","50","($5.1)","($0.2)","($1.1)","($1.1)","($5.8)","($13.3)","$6.6","($5.8)"
"Hector Velazquez","Red Sox","SP/RP","600.9","67","($4.0)","($2.0)","($2.9)","($2.6)","($5.6)","($17.1)","$10.3","($5.8)"
"Jharel Cotton","Athletics","SP","600.5","64","($4.0)","($2.0)","($3.6)","($2.3)","($5.2)","($17.1)","$10.3","($5.8)"
"Justin Miller","Nationals","RP","600.9","50","($5.0)","($1.5)","($0.9)","($0.5)","($5.4)","($13.4)","$6.6","($5.8)"
"Pedro Baez","Dodgers","RP","599.9","50","($5.0)","($2.0)","($0.5)","($0.5)","($5.4)","($13.5)","$6.6","($5.9)"
"Chaz Roe","Rays","RP","582.4","50","($5.1)","($2.0)","$0.0","($0.9)","($5.5)","($13.5)","$6.6","($5.9)"
"David Paulino","Blue Jays","RP","600.4","50","($5.1)","($2.0)","($0.9)","($0.2)","($5.4)","($13.5)","$6.6","($6.0)"
"Shawn Armstrong","Mariners","RP","590.6","60","($4.7)","($1.0)","($1.2)","($2.0)","($4.6)","($13.6)","$6.6","($6.0)"
"Logan Allen","Padres","SP","578.0","46","($5.0)","($2.0)","($1.7)","($2.5)","($6.1)","($17.3)","$10.3","($6.0)"
"Mike Fiers","Athletics","SP","359.5","152","$0.2","($2.0)","($9.6)","($5.0)","($0.9)","($17.3)","$10.3","($6.0)"
"Forrest Whitley","Astros","SP","241.1","46","($4.8)","($2.0)","($2.5)","($2.2)","($5.8)","($17.3)","$10.3","($6.0)"
"Junior Guerra","Brewers","RP","600.2","50","($5.0)","($2.0)","($0.6)","($0.6)","($5.4)","($13.6)","$6.6","($6.0)"
"Tony Cingrani","Dodgers","RP","999.0","40","($5.4)","($2.0)","$0.3","($0.5)","($5.9)","($13.6)","$6.6","($6.0)"
"Ryan Yarbrough","Rays","SP","495.4","110","($2.0)","($2.0)","($5.1)","($5.1)","($3.2)","($17.4)","$10.3","($6.1)"
"Brett Anderson","Athletics","SP","599.1","60","($3.9)","($2.0)","($2.1)","($3.0)","($6.3)","($17.4)","$10.3","($6.1)"
"Heath Hembree","Red Sox","RP","999.0","60","($4.5)","($2.0)","($1.3)","($1.1)","($4.8)","($13.7)","$6.6","($6.1)"
"Cody Reed","Reds","SP/RP","601.0","53","($4.4)","($2.0)","($2.1)","($3.2)","($5.7)","($17.4)","$10.3","($6.1)"
"Drew Pomeranz","Giants","SP","538.4","89","($3.0)","($2.0)","($3.1)","($5.4)","($3.9)","($17.5)","$10.3","($6.2)"
"Jordan Lyles","Pirates","SP/RP","594.5","53","($5.0)","($2.0)","($2.1)","($2.5)","($5.9)","($17.5)","$10.3","($6.2)"
"Joe Ross","Nationals","SP","550.2","55","($4.4)","($2.0)","($3.0)","($2.1)","($5.9)","($17.5)","$10.3","($6.2)"
"Ty Blach","Giants","SP/RP","999.0","52","($5.0)","($2.0)","($1.4)","($2.6)","($6.6)","($17.6)","$10.3","($6.3)"
"Luis Cessa","Yankees","SP/RP","599.3","41","($5.2)","($2.0)","($2.4)","($1.7)","($6.5)","($17.7)","$10.3","($6.4)"
"Dane Dunning","White Sox","SP","599.9","37","($5.5)","($2.0)","($1.8)","($1.8)","($6.7)","($17.8)","$10.3","($6.5)"
"Touki Toussaint","Braves","SP","350.1","83","($3.0)","($2.0)","($3.9)","($5.4)","($3.5)","($17.8)","$10.3","($6.5)"
"Cionel Perez","Astros","RP","999.0","50","($4.9)","($2.0)","($0.3)","($1.4)","($5.4)","($14.1)","$6.6","($6.5)"
"Drew Smyly","Rangers","SP","531.9","130","($1.0)","($2.0)","($8.8)","($4.6)","($1.5)","($17.9)","$10.3","($6.6)"
"Tony Barnette","Cubs","RP","999.0","40","($5.4)","($2.0)","$0.0","($0.5)","($6.2)","($14.2)","$6.6","($6.6)"
"Neil Ramirez","Indians","RP","600.5","50","($5.0)","($1.5)","($1.5)","($1.0)","($5.1)","($14.2)","$6.6","($6.6)"
"Gio Gonzalez","","SP","511.6","112","($1.6)","($2.0)","($4.9)","($6.7)","($2.7)","($17.9)","$10.3","($6.6)"
"Tyler Olson","Indians","RP","999.0","50","($5.0)","($2.0)","($0.5)","($1.3)","($5.5)","($14.2)","$6.6","($6.6)"
"Matt Harvey","Angels","SP","420.4","153","$0.6","($2.0)","($9.6)","($5.5)","($1.5)","($18.0)","$10.3","($6.7)"
"Jesse Biddle","Braves","RP","999.0","40","($5.4)","($2.0)","$0.4","($1.2)","($6.0)","($14.3)","$6.6","($6.7)"
"Felix Pena","Angels","SP","599.1","45","($4.9)","($2.0)","($2.7)","($2.1)","($6.2)","($18.0)","$10.3","($6.7)"
"Travis Bergen","Giants","RP","999.0","50","($5.2)","($2.0)","($0.2)","($1.4)","($5.5)","($14.3)","$6.6","($6.7)"
"Corbin Burnes","Brewers","SP","295.9","74","($3.5)","($2.0)","($3.8)","($4.1)","($4.5)","($18.0)","$10.3","($6.7)"
"Luke Gregerson","Cardinals","RP","999.0","50","($5.0)","($2.0)","($0.2)","($1.2)","($5.9)","($14.3)","$6.6","($6.7)"
"Robert Stephenson","Reds","RP","999.0","59","($4.6)","($2.0)","($1.2)","($2.1)","($4.4)","($14.3)","$6.6","($6.7)"
"Robert Gsellman","Mets","RP","597.7","60","($4.8)","($1.7)","($0.7)","($1.7)","($5.5)","($14.3)","$6.6","($6.7)"
"Robert Stock","Padres","RP","999.0","50","($5.1)","($2.0)","$0.0","($1.7)","($5.5)","($14.3)","$6.6","($6.8)"
"Jimmie Sherfy","Diamondbacks","RP","601.0","45","($5.3)","($2.0)","($0.5)","($1.0)","($5.5)","($14.4)","$6.6","($6.8)"
"Josh Fields","Dodgers","RP","600.8","40","($5.5)","($2.0)","($0.6)","$0.0","($6.2)","($14.4)","$6.6","($6.8)"
"Austin Pruitt","Rays","RP","600.5","40","($5.5)","($2.0)","($0.2)","($0.1)","($6.6)","($14.4)","$6.6","($6.8)"
"Nick Tropeano","Angels","SP","600.9","55","($4.4)","($2.0)","($3.4)","($2.5)","($5.8)","($18.1)","$10.3","($6.8)"
"Adam Morgan","Phillies","RP","999.0","45","($5.3)","($2.0)","($0.8)","($0.5)","($5.8)","($14.4)","$6.6","($6.9)"
"Oliver Perez","Indians","RP","999.0","40","($5.4)","($2.0)","($0.5)","($0.5)","($6.0)","($14.5)","$6.6","($6.9)"
"Adam Warren","","SP","999.0","96","($3.0)","($2.0)","($4.6)","($5.0)","($3.6)","($18.2)","$10.3","($6.9)"
"Dylan Floro","Dodgers","RP","999.0","50","($5.0)","($2.0)","($0.1)","($1.2)","($6.2)","($14.5)","$6.6","($7.0)"
"Lance Lynn","Rangers","SP","528.0","138","($0.2)","($2.0)","($6.6)","($8.7)","($0.8)","($18.3)","$10.3","($7.0)"
"Dillon Peters","Angels","SP","999.0","36","($5.3)","($2.0)","($1.8)","($2.0)","($7.1)","($18.3)","$10.3","($7.0)"
"Tanner Scott","Orioles","RP","598.0","45","($5.3)","($2.0)","$0.4","($2.5)","($5.2)","($14.6)","$6.6","($7.1)"
"Tony Sipp","","RP","999.0","50","($5.1)","($2.0)","($0.8)","($1.3)","($5.5)","($14.7)","$6.6","($7.1)"
"Chris Bassitt","Athletics","SP","601.0","89","($3.0)","($2.0)","($4.8)","($4.4)","($4.2)","($18.4)","$10.3","($7.1)"
"Jose Urena","Marlins","SP","485.5","162","($0.6)","($2.0)","($7.3)","($7.8)","($0.7)","($18.4)","$10.3","($7.1)"
"Sam Dyson","Giants","RP","598.5","60","($4.8)","($2.0)","$0.2","($2.5)","($5.7)","($14.8)","$6.6","($7.2)"
"Jose Alvarez","Phillies","RP","999.0","40","($5.5)","($2.0)","($0.2)","($0.8)","($6.2)","($14.8)","$6.6","($7.2)"
"Emilio Pagan","Rays","RP","601.0","40","($5.6)","($2.0)","($1.1)","($0.1)","($6.1)","($14.8)","$6.6","($7.2)"
"Steve Cishek","Cubs","RP","565.8","50","($5.0)","($2.0)","($0.7)","($1.6)","($5.5)","($14.8)","$6.6","($7.3)"
"Hector Santiago","Mets","SP/RP","999.0","55","($4.8)","($2.0)","($3.2)","($3.2)","($5.4)","($18.6)","$10.3","($7.3)"
"Tim Peterson","Mets","RP","999.0","40","($5.6)","($1.5)","($1.1)","($0.5)","($6.2)","($14.9)","$6.6","($7.3)"
"Tyler Mahle","Reds","SP","594.2","70","($3.7)","($2.0)","($4.5)","($3.6)","($4.7)","($18.6)","$10.3","($7.3)"
"Seung Hwan Oh","Rockies","RP","576.2","65","($4.5)","($0.7)","($3.5)","($1.6)","($4.6)","($14.9)","$6.6","($7.3)"
"Tayron Guerrero","Marlins","RP","600.1","60","($4.9)","($2.0)","($0.6)","($2.8)","($4.6)","($14.9)","$6.6","($7.3)"
"Dan Winkler","Braves","RP","600.7","40","($5.5)","($2.0)","($0.5)","($0.8)","($6.1)","($14.9)","$6.6","($7.3)"
"Phil Maton","Padres","RP","999.0","45","($5.4)","($2.0)","($0.7)","($1.1)","($5.8)","($14.9)","$6.6","($7.3)"
"Scott Oberg","Rockies","RP","593.1","60","($4.5)","($2.0)","($1.0)","($2.3)","($5.1)","($14.9)","$6.6","($7.3)"
"David Hernandez","Reds","RP","597.7","60","($4.7)","($2.0)","($2.1)","($1.2)","($4.9)","($14.9)","$6.6","($7.3)"
"Taylor Cole","Angels","RP","999.0","58","($4.5)","($2.0)","($1.0)","($2.1)","($5.3)","($15.0)","$6.6","($7.4)"
"Dan Otero","Indians","RP","999.0","50","($5.0)","($2.0)","($0.3)","($1.1)","($6.5)","($15.0)","$6.6","($7.4)"
"Nathan Karns","Orioles","SP","590.4","92","($3.2)","($2.0)","($6.0)","($4.3)","($3.2)","($18.7)","$10.3","($7.4)"
"Sean Reid-Foley","Blue Jays","SP","599.8","54","($4.6)","($2.0)","($3.5)","($3.1)","($5.5)","($18.7)","$10.3","($7.4)"
"Brad Brach","Cubs","RP","587.0","45","($5.2)","($2.0)","($0.5)","($1.4)","($5.9)","($15.0)","$6.6","($7.5)"
"J.B. Wendelken","Athletics","RP","999.0","50","($5.1)","($2.0)","($0.9)","($1.7)","($5.4)","($15.1)","$6.6","($7.5)"
"Tommy Kahnle","Yankees","RP","999.0","40","($5.4)","($2.0)","($0.6)","($1.2)","($5.9)","($15.1)","$6.6","($7.5)"
"Dylan Bundy","Orioles","SP","326.1","183","$0.4","($2.0)","($13.4)","($6.0)","$2.2","($18.8)","$10.3","($7.5)"
"Trent Thornton","Blue Jays","RP","999.0","39","($5.5)","($2.0)","($1.0)","($0.1)","($6.5)","($15.1)","$6.6","($7.5)"
"Cal Quantrill","Padres","SP","999.0","46","($5.1)","($2.0)","($2.7)","($2.5)","($6.5)","($18.9)","$10.3","($7.6)"
"Luis Garcia","Angels","RP","999.0","40","($5.4)","($2.0)","$0.0","($1.3)","($6.4)","($15.1)","$6.6","($7.6)"
"Gabriel Moya","Twins","RP","999.0","50","($5.0)","($2.0)","($1.3)","($1.2)","($5.6)","($15.2)","$6.6","($7.6)"
"Joe Smith","Astros","RP","999.0","40","($5.4)","($2.0)","($0.5)","($0.9)","($6.4)","($15.3)","$6.6","($7.7)"
"Tyler Chatwood","Cubs","SP","594.6","39","($5.5)","($2.0)","($1.4)","($3.6)","($6.5)","($19.0)","$10.3","($7.7)"
"Michael Feliz","Pirates","RP","999.0","40","($5.5)","($2.0)","($0.6)","($1.1)","($6.0)","($15.3)","$6.6","($7.7)"
"Tim Mayza","Blue Jays","RP","999.0","50","($5.1)","($2.0)","($0.9)","($1.8)","($5.4)","($15.3)","$6.6","($7.7)"
"Daniel Zamora","Mets","RP","999.0","40","($5.6)","($2.0)","($0.2)","($1.5)","($6.1)","($15.3)","$6.6","($7.8)"
"Alex Claudio","Brewers","RP","999.0","45","($5.2)","($2.0)","$0.2","($1.6)","($6.7)","($15.3)","$6.6","($7.8)"
"James Pazos","Phillies","RP","999.0","40","($5.5)","($2.0)","($0.4)","($1.3)","($6.1)","($15.4)","$6.6","($7.8)"
"Sammy Solis","Nationals","RP","999.0","40","($5.4)","($2.0)","($0.2)","($1.5)","($6.2)","($15.4)","$6.6","($7.8)"
"Tyler Kinley","Marlins","RP","999.0","50","($5.3)","($2.0)","($0.4)","($2.3)","($5.3)","($15.4)","$6.6","($7.8)"
"Wily Peralta","Royals","RP","403.4","55","($5.1)","$0.3","($1.9)","($3.1)","($5.7)","($15.4)","$6.6","($7.9)"
"Jon Edwards","Indians","RP","999.0","40","($5.5)","($2.0)","($0.8)","($1.2)","($5.9)","($15.5)","$6.6","($7.9)"
"Trevor Hildenberger","Twins","RP","588.3","50","($5.0)","($2.0)","($1.1)","($1.4)","($5.9)","($15.5)","$6.6","($7.9)"
"Adam Conley","Marlins","RP","571.8","60","($4.9)","($2.0)","($1.3)","($1.8)","($5.4)","($15.5)","$6.6","($7.9)"
"JC Ramirez","Angels","SP","999.0","37","($5.4)","($2.0)","($2.4)","($2.3)","($7.1)","($19.2)","$10.3","($7.9)"
"Bud Norris","Blue Jays","RP","542.3","50","($5.1)","($2.0)","($1.4)","($1.5)","($5.5)","($15.5)","$6.6","($7.9)"
"Jonathan Holder","Yankees","RP","600.2","50","($5.0)","($2.0)","($1.9)","($0.9)","($5.7)","($15.6)","$6.6","($8.0)"
"Dominic Leone","Cardinals","RP","600.0","40","($5.5)","($2.0)","($0.6)","($1.2)","($6.3)","($15.6)","$6.6","($8.0)"
"David Phelps","Blue Jays","RP","999.0","40","($5.5)","($2.0)","($0.8)","($1.0)","($6.2)","($15.6)","$6.6","($8.0)"
"Zach Duke","Reds","RP","999.0","40","($5.5)","($2.0)","$0.0","($1.8)","($6.3)","($15.6)","$6.6","($8.0)"
"Matthew Boyd","Tigers","SP","343.9","170","$0.4","($2.0)","($11.8)","($6.5)","$0.6","($19.3)","$10.3","($8.0)"
"Jeffrey Springs","Rangers","RP","999.0","40","($5.5)","($2.0)","($0.8)","($1.3)","($6.0)","($15.6)","$6.6","($8.1)"
"Blake Wood","","RP","999.0","50","($5.1)","($2.0)","($0.7)","($2.2)","($5.6)","($15.7)","$6.6","($8.1)"
"Matt Grace","Nationals","RP","999.0","50","($5.0)","($2.0)","($0.5)","($2.1)","($6.2)","($15.8)","$6.6","($8.2)"
"Cam Bedrosian","Angels","RP","599.0","50","($5.0)","($2.0)","($1.0)","($1.9)","($5.8)","($15.8)","$6.6","($8.2)"
"Elieser Hernandez","Marlins","SP/RP","999.0","54","($5.3)","($2.0)","($3.4)","($3.0)","($5.9)","($19.6)","$10.3","($8.3)"
"Yusmeiro Petit","Athletics","RP","598.4","60","($4.7)","($2.0)","($2.6)","($1.0)","($5.5)","($15.8)","$6.6","($8.3)"
"Tim Hill","Royals","RP","599.1","50","($5.2)","($2.0)","($0.4)","($2.2)","($6.1)","($15.8)","$6.6","($8.3)"
"Kyle Barraclough","Nationals","RP","589.2","55","($4.8)","($1.5)","($1.1)","($3.3)","($5.1)","($15.8)","$6.6","($8.3)"
"Adam Kolarek","Rays","RP","999.0","40","($5.5)","($2.0)","$0.1","($1.8)","($6.6)","($15.9)","$6.6","($8.3)"
"Kyle Crick","Pirates","RP","599.6","50","($5.2)","($1.9)","($1.1)","($2.3)","($5.5)","($15.9)","$6.6","($8.3)"
"Ryan Carpenter","Tigers","SP","999.0","36","($5.6)","($2.0)","($3.0)","($1.9)","($7.0)","($19.6)","$10.3","($8.3)"
"Mitch Keller","Pirates","SP","557.0","92","($2.9)","($2.0)","($5.1)","($5.9)","($3.7)","($19.7)","$10.3","($8.4)"
"Taylor Williams","Brewers","RP","999.0","45","($5.3)","($2.0)","($1.1)","($1.7)","($5.7)","($15.9)","$6.6","($8.4)"
"Wade LeBlanc","Mariners","SP","561.6","136","($0.9)","($2.0)","($8.8)","($5.8)","($2.2)","($19.7)","$10.3","($8.4)"
"Pat Neshek","Phillies","RP","600.1","55","($4.9)","($2.0)","($2.5)","($0.8)","($5.6)","($16.0)","$6.6","($8.4)"
"Wade Miley","Astros","SP","466.1","105","($1.5)","($2.0)","($5.5)","($7.0)","($3.7)","($19.7)","$10.3","($8.4)"
"Austin Voth","Nationals","RP","999.0","39","($5.4)","($2.0)","($1.0)","($1.1)","($6.5)","($16.1)","$6.6","($8.5)"
"Ryan Buchter","Athletics","RP","600.6","50","($5.1)","($2.0)","($1.7)","($1.7)","($5.6)","($16.1)","$6.6","($8.5)"
"Ruben Alaniz","Mariners","RP","999.0","60","($4.8)","($2.0)","($1.5)","($2.7)","($5.1)","($16.1)","$6.6","($8.5)"
"Riley Ferrell","Marlins","RP","999.0","50","($5.3)","($2.0)","($0.7)","($2.5)","($5.6)","($16.1)","$6.6","($8.5)"
"Justin Anderson","Angels","RP","999.0","50","($5.0)","($2.0)","($0.9)","($2.5)","($5.7)","($16.1)","$6.6","($8.5)"
"Eric Skoglund","Royals","SP","999.0","71","($4.1)","($2.0)","($4.7)","($3.6)","($5.5)","($19.9)","$10.3","($8.6)"
"Enyel De Los Santos","Phillies","SP","999.0","74","($3.7)","($2.0)","($5.3)","($4.3)","($4.7)","($20.1)","$10.3","($8.8)"
"Matt Albers","Brewers","RP","999.0","60","($4.7)","($2.0)","($2.0)","($2.3)","($5.3)","($16.4)","$6.6","($8.8)"
"Dakota Hudson","Cardinals","RP","568.2","68","($4.1)","($2.0)","($1.3)","($3.8)","($5.2)","($16.4)","$6.6","($8.9)"
"Adam Cimber","Indians","RP","596.7","60","($4.7)","($1.5)","($2.0)","($2.4)","($5.9)","($16.5)","$6.6","($8.9)"
"Yefry Ramirez","Orioles","SP/RP","999.0","46","($5.4)","($2.0)","($4.0)","($2.7)","($6.1)","($20.2)","$10.3","($8.9)"
"Hansel Robles","Angels","RP","600.3","50","($5.1)","($2.0)","($1.9)","($1.9)","($5.6)","($16.5)","$6.6","($8.9)"
"Jonny Venters","Braves","RP","999.0","50","($5.1)","($2.0)","($0.4)","($3.2)","($5.8)","($16.5)","$6.6","($8.9)"
"Koda Glover","Nationals","RP","600.8","40","($5.5)","($2.0)","($0.9)","($1.7)","($6.4)","($16.5)","$6.6","($8.9)"
"Paul Fry","Orioles","RP","597.5","65","($4.6)","($2.0)","($1.4)","($3.9)","($4.7)","($16.5)","$6.6","($9.0)"
"Jeremy Hellickson","Nationals","SP","577.6","106","($1.9)","($2.0)","($7.6)","($4.7)","($4.0)","($20.3)","$10.3","($9.0)"
"Fernando Rodney","Athletics","RP","595.9","40","($5.5)","($2.0)","($0.9)","($1.9)","($6.3)","($16.6)","$6.6","($9.0)"
"Adalberto Mejia","Twins","RP","600.1","60","($4.3)","($2.0)","($2.6)","($2.3)","($5.4)","($16.7)","$6.6","($9.1)"
"Steven Brault","Pirates","RP","999.0","40","($5.6)","($2.0)","($0.7)","($2.2)","($6.3)","($16.7)","$6.6","($9.1)"
"Roenis Elias","Mariners","RP","999.0","59","($4.8)","($2.0)","($2.2)","($2.3)","($5.4)","($16.7)","$6.6","($9.1)"
"Ian Hamilton","White Sox","RP","600.9","40","($5.6)","($2.0)","($1.2)","($1.7)","($6.2)","($16.8)","$6.6","($9.2)"
"Connor Sadzeck","Rangers","RP","999.0","50","($5.1)","($2.0)","($1.5)","($2.6)","($5.6)","($16.8)","$6.6","($9.2)"
"Frankie Montas","Athletics","SP","595.5","124","($1.3)","($2.0)","($7.5)","($7.3)","($2.5)","($20.6)","$10.3","($9.3)"
"Daniel Stumpf","Tigers","RP","999.0","50","($5.2)","($2.0)","($2.0)","($2.0)","($5.8)","($17.0)","$6.6","($9.4)"
"Thomas Pannone","Blue Jays","SP/RP","999.0","46","($5.2)","($2.0)","($4.4)","($2.6)","($6.5)","($20.7)","$10.3","($9.4)"
"Daniel Mengden","Athletics","SP","567.7","83","($3.3)","($2.0)","($6.1)","($4.2)","($5.0)","($20.7)","$10.3","($9.4)"
"Jared Hughes","Reds","RP","569.5","65","($4.5)","($1.5)","($1.6)","($3.8)","($5.5)","($17.0)","$6.6","($9.4)"
"Jaime Barria","Angels","SP","516.9","105","($2.0)","($2.0)","($8.2)","($4.9)","($3.7)","($20.8)","$10.3","($9.5)"
"Drew Smith","Mets","RP","999.0","40","($5.6)","($2.0)","($1.4)","($1.6)","($6.4)","($17.1)","$6.6","($9.5)"
"Aaron Wilkerson","Brewers","RP","999.0","39","($5.6)","($2.0)","($2.1)","($1.0)","($6.5)","($17.1)","$6.6","($9.5)"
"Jake McGee","Rockies","RP","600.1","50","($5.1)","($2.0)","($2.3)","($2.0)","($5.7)","($17.1)","$6.6","($9.6)"
"Zach Davies","Brewers","SP","577.4","161","$0.5","($2.0)","($9.3)","($9.0)","($1.1)","($20.9)","$10.3","($9.6)"
"Juan Minaya","White Sox","RP","999.0","45","($5.4)","($2.0)","($1.8)","($2.1)","($5.8)","($17.2)","$6.6","($9.6)"
"Bobby Poyner","Red Sox","RP","999.0","50","($5.0)","($2.0)","($2.6)","($1.5)","($6.0)","($17.2)","$6.6","($9.6)"
"Buck Farmer","Tigers","RP","600.7","60","($4.8)","($1.8)","($2.7)","($2.6)","($5.3)","($17.2)","$6.6","($9.6)"
"Joe Biagini","Blue Jays","RP","999.0","50","($5.2)","($2.0)","($2.0)","($2.0)","($6.1)","($17.3)","$6.6","($9.7)"
"Steven Wright","Red Sox","RP","600.7","69","($4.0)","($2.0)","($3.0)","($3.0)","($5.2)","($17.3)","$6.6","($9.7)"
"Clay Holmes","Pirates","RP","999.0","38","($5.5)","($2.0)","($0.6)","($2.7)","($6.5)","($17.3)","$6.6","($9.7)"
"Felix Hernandez","Mariners","SP","593.1","81","($3.5)","($2.0)","($5.7)","($5.1)","($4.7)","($21.1)","$10.3","($9.7)"
"Brian Johnson","Red Sox","SP/RP","999.0","53","($4.5)","($2.0)","($4.7)","($3.7)","($6.2)","($21.1)","$10.3","($9.8)"
"Chris Rusin","Rockies","RP","999.0","40","($5.5)","($2.0)","($1.1)","($2.1)","($6.6)","($17.4)","$6.6","($9.8)"
"Sandy Alcantara","Marlins","SP","505.0","65","($4.6)","($2.0)","($3.8)","($5.2)","($5.5)","($21.1)","$10.3","($9.8)"
"Rhiner Cruz","","RP","999.0","50","($5.2)","($2.0)","($1.9)","($2.8)","($5.6)","($17.4)","$6.6","($9.9)"
"Brandon Kintzler","Cubs","RP","999.0","40","($5.5)","($2.0)","($1.1)","($2.0)","($6.8)","($17.5)","$6.6","($9.9)"
"Matt Belisle","","RP","999.0","50","($5.2)","($2.0)","($2.0)","($2.2)","($6.2)","($17.5)","$6.6","($9.9)"
"Marcus Walden","Red Sox","RP","999.0","50","($5.0)","($2.0)","($1.7)","($2.6)","($6.2)","($17.5)","$6.6","($10.0)"
"Kyle Freeland","Rockies","SP","164.6","195","$2.6","($2.0)","($11.2)","($12.2)","$1.5","($21.3)","$10.3","($10.0)"
"Yoshihisa Hirano","Diamondbacks","RP","528.8","60","($4.9)","($2.0)","($2.5)","($3.0)","($5.3)","($17.7)","$6.6","($10.1)"
"Jake Odorizzi","Twins","SP","456.6","161","$0.8","($2.0)","($12.6)","($8.0)","$0.3","($21.5)","$10.3","($10.2)"
"Mike Leake","Mariners","SP","566.5","196","$1.4","($2.0)","($11.3)","($8.5)","($1.1)","($21.5)","$10.3","($10.2)"
"Ariel Jurado","Rangers","SP","999.0","37","($5.7)","($2.0)","($3.3)","($3.1)","($7.5)","($21.6)","$10.3","($10.3)"
"Shelby Miller","Rangers","SP","595.0","106","($2.1)","($2.0)","($7.7)","($6.7)","($3.1)","($21.6)","$10.3","($10.3)"
"Bryan Shaw","Rockies","RP","999.0","50","($5.1)","($2.0)","($1.9)","($3.0)","($5.8)","($17.9)","$6.6","($10.3)"
"Matt Hall","Tigers","SP","999.0","75","($4.0)","($2.0)","($4.8)","($6.0)","($4.8)","($21.6)","$10.3","($10.3)"
"Jorge De La Rosa","","RP","999.0","50","($5.2)","($2.0)","($1.9)","($2.8)","($5.9)","($17.9)","$6.6","($10.3)"
"Carlos Rodon","White Sox","SP","308.6","169","$0.1","($2.0)","($10.4)","($10.2)","$0.9","($21.6)","$10.3","($10.3)"
"Adrian Houser","Brewers","RP","999.0","48","($5.1)","($2.0)","($2.0)","($2.6)","($6.2)","($17.9)","$6.6","($10.4)"
"Joaquin Benoit","","RP","999.0","50","($5.2)","($2.0)","($2.5)","($2.5)","($5.8)","($17.9)","$6.6","($10.4)"
"AJ Ramos","","RP","999.0","50","($5.2)","($2.0)","($2.2)","($3.0)","($5.6)","($17.9)","$6.6","($10.4)"
"Cory Gearrin","Mariners","RP","999.0","50","($5.2)","($2.0)","($2.2)","($2.6)","($5.9)","($18.0)","$6.6","($10.4)"
"Justus Sheffield","Mariners","SP","443.9","129","($1.2)","($2.0)","($7.5)","($9.6)","($1.5)","($21.8)","$10.3","($10.5)"
"Pierce Johnson","","RP","999.0","40","($5.6)","($2.0)","($1.7)","($2.5)","($6.2)","($18.0)","$6.6","($10.5)"
"Shawn Kelley","Rangers","RP","599.8","40","($5.6)","($2.0)","($2.5)","($1.5)","($6.4)","($18.0)","$6.6","($10.5)"
"Brett Cecil","Cardinals","RP","999.0","40","($5.6)","($2.0)","($1.6)","($2.3)","($6.7)","($18.2)","$6.6","($10.6)"
"Stephen Gonsalves","Twins","SP","599.9","44","($5.1)","($2.0)","($4.1)","($4.4)","($6.4)","($22.0)","$10.3","($10.7)"
"Jorge Lopez","Royals","SP","999.0","70","($4.4)","($2.0)","($4.7)","($5.4)","($5.5)","($22.0)","$10.3","($10.7)"
"Jarlin Garcia","Marlins","RP","999.0","50","($5.4)","($2.0)","($2.1)","($2.5)","($6.3)","($18.3)","$6.6","($10.7)"
"Chad Bettis","Rockies","RP","999.0","45","($5.3)","($2.0)","($2.4)","($2.2)","($6.5)","($18.5)","$6.6","($10.9)"
"Glenn Sparkman","Royals","RP","999.0","38","($5.7)","($2.0)","($2.2)","($1.5)","($7.1)","($18.5)","$6.6","($10.9)"
"Chris Ellis","Royals","SP","999.0","65","($4.7)","($2.0)","($5.7)","($4.3)","($5.6)","($22.3)","$10.3","($10.9)"
"Bartolo Colon","","SP","999.0","91","($3.1)","($2.0)","($7.6)","($4.3)","($5.3)","($22.3)","$10.3","($11.0)"
"Chase Anderson","Brewers","SP","474.4","145","($0.5)","($2.0)","($11.7)","($7.2)","($0.9)","($22.4)","$10.3","($11.1)"
"Chasen Bradford","Mariners","RP","999.0","40","($5.7)","($2.0)","($2.1)","($2.0)","($6.9)","($18.7)","$6.6","($11.1)"
"Matt Magill","Twins","RP","999.0","40","($5.6)","($2.0)","($2.5)","($2.2)","($6.4)","($18.7)","$6.6","($11.1)"
"Kyle Bird","Rangers","RP","999.0","40","($5.6)","($2.0)","($2.0)","($2.8)","($6.3)","($18.8)","$6.6","($11.2)"
"Jhoulys Chacin","Brewers","SP","281.0","187","$1.7","($2.0)","($11.7)","($11.5)","$1.0","($22.5)","$10.3","($11.2)"
"Heath Fillmyer","Royals","SP","999.0","91","($3.7)","($2.0)","($6.4)","($5.8)","($4.6)","($22.6)","$10.3","($11.3)"
"Caleb Frare","White Sox","RP","999.0","40","($5.6)","($2.0)","($1.8)","($3.4)","($6.0)","($18.9)","$6.6","($11.3)"
"Julio Teheran","Braves","SP","300.2","159","$0.2","($2.0)","($11.4)","($9.3)","($0.1)","($22.6)","$10.3","($11.3)"
"Ryan Borucki","Blue Jays","SP","590.0","93","($3.0)","($2.0)","($6.8)","($6.4)","($4.5)","($22.7)","$10.3","($11.4)"
"Kevin McCarthy","Royals","RP","600.0","45","($5.5)","($2.0)","($1.7)","($2.9)","($6.9)","($19.0)","$6.6","($11.4)"
"Hunter Strickland","Mariners","RP","275.1","40","($5.7)","($2.0)","($2.4)","($2.3)","($6.6)","($19.0)","$6.6","($11.4)"
"Evan Phillips","Orioles","RP","999.0","40","($5.7)","($2.0)","($2.2)","($2.9)","($6.2)","($19.0)","$6.6","($11.4)"
"Michael Lorenzen","Reds","RP","599.9","59","($4.7)","($2.0)","($2.7)","($3.9)","($5.6)","($19.0)","$6.6","($11.4)"
"Peter Moylan","","RP","999.0","50","($5.2)","($2.0)","($1.9)","($3.7)","($6.3)","($19.1)","$6.6","($11.5)"
"Richard Bleier","Orioles","RP","598.3","65","($4.7)","($1.6)","($2.4)","($4.0)","($6.4)","($19.1)","$6.6","($11.5)"
"Brian Flynn","Royals","RP","999.0","40","($5.7)","($2.0)","($1.8)","($2.8)","($6.9)","($19.1)","$6.6","($11.6)"
"Josh Rogers","Orioles","SP","999.0","45","($5.5)","($2.0)","($5.0)","($3.5)","($6.9)","($22.9)","$10.3","($11.6)"
"Trevor Williams","Pirates","SP","332.0","145","($0.6)","($2.0)","($9.3)","($9.4)","($1.8)","($23.0)","$10.3","($11.7)"
"Ian Kennedy","Royals","SP","599.9","126","($2.0)","($2.0)","($10.6)","($6.4)","($2.1)","($23.1)","$10.3","($11.8)"
"Randall Delgado","","RP","999.0","60","($4.8)","($2.0)","($3.6)","($3.3)","($5.6)","($19.4)","$6.6","($11.8)"
"Tyler Thornburg","Red Sox","RP","591.3","50","($5.1)","($2.0)","($3.5)","($2.8)","($5.9)","($19.4)","$6.6","($11.8)"
"Brian Duensing","Cubs","RP","999.0","40","($5.6)","($2.0)","($2.1)","($3.0)","($6.7)","($19.4)","$6.6","($11.8)"
"Dan Straily","Marlins","SP","593.3","156","($1.2)","($2.0)","($11.3)","($8.1)","($0.5)","($23.1)","$10.3","($11.8)"
"Dylan Covey","White Sox","SP","999.0","71","($4.1)","($2.0)","($5.4)","($6.3)","($5.4)","($23.2)","$10.3","($11.9)"
"Luis Ortiz","Orioles","SP","599.5","36","($6.0)","($2.0)","($4.7)","($3.3)","($7.2)","($23.2)","$10.3","($11.9)"
"Victor Alcantara","Tigers","RP","600.7","40","($5.7)","($2.0)","($2.2)","($2.9)","($6.8)","($19.5)","$6.6","($12.0)"
"Addison Reed","Twins","RP","593.7","60","($4.8)","($2.0)","($4.6)","($2.7)","($5.8)","($19.9)","$6.6","($12.3)"
"Antonio Senzatela","Rockies","SP","599.3","169","$1.3","($2.0)","($11.7)","($11.2)","$0.0","($23.6)","$10.3","($12.3)"
"Daniel Norris","Tigers","SP","599.1","106","($2.4)","($2.0)","($8.3)","($7.8)","($3.2)","($23.7)","$10.3","($12.3)"
"Martin Perez","Twins","SP","596.9","119","($1.3)","($2.0)","($7.5)","($9.0)","($3.9)","($23.7)","$10.3","($12.4)"
"Mike Wright","Orioles","RP","999.0","54","($5.2)","($2.0)","($3.9)","($2.9)","($5.9)","($20.0)","$6.6","($12.5)"
"Clayton Richard","Blue Jays","SP","600.2","114","($1.9)","($2.0)","($6.9)","($9.1)","($4.2)","($24.1)","$10.3","($12.8)"
"Junichi Tazawa","","RP","999.0","50","($5.3)","($2.0)","($3.8)","($3.2)","($6.1)","($20.4)","$6.6","($12.8)"
"Clay Buchholz","Blue Jays","SP","548.0","112","($2.3)","($2.0)","($9.5)","($6.7)","($3.6)","($24.2)","$10.3","($12.9)"
"Brad Keller","Royals","SP","502.6","162","($0.2)","($2.0)","($9.0)","($11.5)","($1.5)","($24.3)","$10.3","($13.0)"
"Ivan Nova","White Sox","SP","578.1","150","($0.9)","($2.0)","($12.3)","($7.0)","($2.0)","($24.4)","$10.3","($13.0)"
"Jimmy Yacabonis","Orioles","SP/RP","999.0","50","($5.4)","($2.0)","($5.5)","($5.2)","($6.3)","($24.5)","$10.3","($13.2)"
"Yovani Gallardo","","SP","999.0","88","($3.1)","($2.0)","($7.1)","($7.9)","($4.8)","($24.9)","$10.3","($13.6)"
"Jordan Zimmermann","Tigers","SP","596.9","155","($0.5)","($2.0)","($13.5)","($7.1)","($1.7)","($24.9)","$10.3","($13.6)"
"Reynaldo Lopez","White Sox","SP","287.4","175","$0.0","($2.0)","($14.4)","($10.0)","$0.8","($25.6)","$10.3","($14.3)"
"Edwin Jackson","","SP","600.0","91","($3.3)","($2.0)","($8.8)","($7.4)","($4.1)","($25.6)","$10.3","($14.3)"
"Matt Moore","Tigers","SP","600.8","90","($3.5)","($2.0)","($9.2)","($6.9)","($4.5)","($26.2)","$10.3","($14.9)"
"James Shields","","SP","599.9","95","($3.3)","($2.0)","($9.5)","($7.3)","($4.1)","($26.2)","$10.3","($14.9)"
"Marco Estrada","Athletics","SP","574.5","130","($1.4)","($2.0)","($12.7)","($7.4)","($2.7)","($26.4)","$10.3","($15.1)"
"Mike Dunn","Rockies","RP","999.0","50","($5.2)","($2.0)","($4.7)","($5.1)","($5.8)","($22.8)","$6.6","($15.3)"
"Miguel Castro","Orioles","RP","600.8","45","($5.6)","($2.0)","($3.9)","($4.7)","($6.6)","($22.9)","$6.6","($15.3)"
"Alex Cobb","Orioles","SP","582.0","181","$0.2","($2.0)","($13.5)","($10.7)","($1.0)","($27.1)","$10.3","($15.8)"
"Jordan Romano","Rangers","RP","999.0","68","($4.6)","($2.0)","($6.8)","($4.9)","($5.4)","($23.7)","$6.6","($16.1)"
"Aaron Sanchez","Blue Jays","SP","394.7","150","($0.4)","($2.0)","($10.6)","($13.2)","($1.3)","($27.5)","$10.3","($16.2)"
"Tyson Ross","Tigers","SP","573.7","91","($3.5)","($2.0)","($8.9)","($9.2)","($4.7)","($28.3)","$10.3","($17.0)"
"Ervin Santana","White Sox","SP","579.5","104","($3.3)","($2.0)","($11.4)","($7.4)","($4.3)","($28.4)","$10.3","($17.1)"
"Carson Fulmer","White Sox","SP","999.0","72","($4.6)","($2.0)","($8.8)","($8.8)","($5.0)","($29.1)","$10.3","($17.8)"
"Edinson Volquez","Rangers","SP","599.9","128","($1.5)","($2.0)","($11.4)","($11.9)","($2.6)","($29.4)","$10.3","($18.1)"
"Yohander Mendez","Rangers","SP","600.2","130","($1.5)","($2.0)","($12.4)","($11.1)","($2.5)","($29.6)","$10.3","($18.3)"
"Lucas Giolito","White Sox","SP","544.7","136","($1.7)","($2.0)","($13.8)","($12.9)","($1.9)","($32.4)","$10.3","($21.1)"
"Miguel Gonzalez","","SP","999.0","189","$0.6","($2.0)","($18.7)","($13.2)","($0.8)","($34.1)","$10.3","($22.8)"
"David Hess","Orioles","SP","999.0","108","($3.6)","($2.0)","($15.2)","($9.9)","($3.9)","($34.6)","$10.3","($23.3)"
"Andrew Cashner","Orioles","SP","999.0","166","($1.3)","($2.0)","($19.6)","($17.1)","($2.2)","($42.3)","$10.3","($30.9)"
